<?xml version="1.0" encoding="UTF-8" ?>

<DSAToolsLMT programtype="VSAT" version="15.0" timestamp="10-MAR-17 00:31:21">
<Transfer name="Basecase">
  <TransferSources count="0">
  </TransferSources>

<ViolationTypeList>
   <ViolationElement type="Overload"/>
</ViolationTypeList>

<ContingencyList count="1">
   <ContingencyElement name="Demo"/>
</ContingencyList>

<TransferPoints>
     <Point no = "1">
     <Contingency name="" status="Secure"> 
     </Contingency>
     </Point>
 </TransferPoints>
</Transfer>
</DSAToolsLMT>
