<?xml version="1.0" encoding="UTF-8" ?>

<DSAToolsLMT programtype="VSAT" version="15.0" timestamp="10-MAR-17 00:31:17">

<Transfer name="GOSZONE9">

<TransferSources count="2">

    <Source id="X" name="SIGENS">
        <Initial>1557.3</Initial>
        <Max>    2557.3</Max>
        <Min>    1557.3</Min>
    </Source>

  <Source id="D" name="GOSZONE9">
      <Initial>130.8</Initial>
      <Max>1130.8</Max>
      <Min>130.8</Min>
  </Source>

</TransferSources>

<ViolationTypeList>
   <ViolationElement type="Overload"/>
   <ViolationElement type="VS Margin"/>
</ViolationTypeList>

<ContingencyList count="20">
   <ContingencyElement name="ATU_DOB1"/>
   <ContingencyElement name="ATU_IGH1"/>
   <ContingencyElement name="BLN_KIK"/>
   <ContingencyElement name="BLN_STK1"/>
   <ContingencyElement name="BLN_STK2"/>
   <ContingencyElement name="DOB_IGH2"/>
   <ContingencyElement name="GYM_KUM"/>
   <ContingencyElement name="ISL_KIK1"/>
   <ContingencyElement name="ISL_KIK2"/>
   <ContingencyElement name="ISL_KIK3"/>
   <ContingencyElement name="ISL_SVC3"/>
   <ContingencyElement name="ISL_SVC9"/>
   <ContingencyElement name="KIKSTC2A"/>
   <ContingencyElement name="KIKSTC2B"/>
   <ContingencyElement name="KIK_STK1"/>
   <ContingencyElement name="KIK_STK2"/>
   <ContingencyElement name="KIK_STK3"/>
   <ContingencyElement name="KIK_T1"/>
   <ContingencyElement name="KIK_T2"/>
   <ContingencyElement name="STK_T7"/>
</ContingencyList>

<TransferPoints>

   <Point no="1" X="1557.3" D="130.8">
     <MonitoredQuantities>
       <MonitoredDataGroup name="Monitored Voltages (kV)" unit="kV"  type="Bus">
           <MonitoredData name="BLN      110  19">110.5346</MonitoredData>
           <MonitoredData name="BLN      33   43">32.3904</MonitoredData>
           <MonitoredData name="STK      220  8">223.8675</MonitoredData>
       </MonitoredDataGroup>
       <MonitoredDataGroup name="Monitored Interface MW Flow" unit="MW" type="Interface">
           <MonitoredData name="INTO_GZ9">100.0900</MonitoredData>
       </MonitoredDataGroup>
     </MonitoredQuantities>
     <Contingency name="" status="Secure Base Case"> 
     </Contingency>
   </Point>

   <Point no="26" X="1774.8" D="348.3">
     <MonitoredQuantities>
       <MonitoredDataGroup name="Monitored Voltages (kV)" unit="kV"  type="Bus">
           <MonitoredData name="BLN      110  19">106.0804</MonitoredData>
           <MonitoredData name="BLN      33   43">30.6637</MonitoredData>
           <MonitoredData name="STK      220  8">218.5495</MonitoredData>
       </MonitoredDataGroup>
       <MonitoredDataGroup name="Monitored Interface MW Flow" unit="MW" type="Interface">
           <MonitoredData name="INTO_GZ9">321.5957</MonitoredData>
       </MonitoredDataGroup>
     </MonitoredQuantities>
     <Contingency name="" status="Security Limit"> 
     </Contingency>
   </Point>

   <Point no="28" X="1775.8" D="349.3">
     <MonitoredQuantities>
       <MonitoredDataGroup name="Monitored Voltages (kV)" unit="kV"  type="Bus">
           <MonitoredData name="BLN      110  19">106.0394</MonitoredData>
           <MonitoredData name="BLN      33   43">30.6498</MonitoredData>
           <MonitoredData name="STK      220  8">218.4733</MonitoredData>
       </MonitoredDataGroup>
       <MonitoredDataGroup name="Monitored Interface MW Flow" unit="MW" type="Interface">
           <MonitoredData name="INTO_GZ9">322.5673</MonitoredData>
       </MonitoredDataGroup>
     </MonitoredQuantities>
     <Contingency name="KIK_T2" status="Insecure"> 
          <Violation type="VS Margin"></Violation>
     </Contingency>
   </Point>

</TransferPoints>
</Transfer>
</DSAToolsLMT>
