<?xml version="1.0" encoding="UTF-8" ?>

<DSAToolsLMT programtype="VSAT" version="15.0" timestamp="10-MAR-17 00:31:17">

<Transfer name="ZONE3">

<TransferSources count="2">

    <Source id="X" name="SIGENS">
        <Initial>1557.3</Initial>
        <Max>    2557.3</Max>
        <Min>    1557.3</Min>
    </Source>

  <Source id="D" name="ZONE3">
      <Initial>642.9</Initial>
      <Max>1642.9</Max>
      <Min>642.9</Min>
  </Source>

</TransferSources>

<ViolationTypeList>
   <ViolationElement type="Overload"/>
   <ViolationElement type="VS Margin"/>
</ViolationTypeList>

<ContingencyList count="21">
   <ContingencyElement name="ASB_BRY1"/>
   <ContingencyElement name="ASB_ISL1"/>
   <ContingencyElement name="ASB_TWZ1"/>
   <ContingencyElement name="ASB_TWZ2"/>
   <ContingencyElement name="BRY_ISL"/>
   <ContingencyElement name="ISL_KIK1"/>
   <ContingencyElement name="ISL_KIK2"/>
   <ContingencyElement name="ISL_KIK3"/>
   <ContingencyElement name="ISL_LIV"/>
   <ContingencyElement name="ISL_SVC3"/>
   <ContingencyElement name="ISL_SVC9"/>
   <ContingencyElement name="ISL_T3"/>
   <ContingencyElement name="ISL_T6"/>
   <ContingencyElement name="ISL_T7"/>
   <ContingencyElement name="ISL_TKB"/>
   <ContingencyElement name="KIKSTC2A"/>
   <ContingencyElement name="KIKSTC2B"/>
   <ContingencyElement name="KIK_T1"/>
   <ContingencyElement name="KIK_T2"/>
   <ContingencyElement name="STK_T7"/>
   <ContingencyElement name="TKB_TWZ"/>
</ContingencyList>

<TransferPoints>

   <Point no="1" X="1557.3" D="642.9">
     <MonitoredQuantities>
       <MonitoredDataGroup name="Monitored Voltages (kV)" unit="kV"  type="Bus">
           <MonitoredData name="BLN      33   43">32.3904</MonitoredData>
           <MonitoredData name="CUL      66   11">68.8274</MonitoredData>
           <MonitoredData name="ISL      220  52">223.8500</MonitoredData>
       </MonitoredDataGroup>
     </MonitoredQuantities>
     <Contingency name="" status="Secure Base Case"> 
     </Contingency>
   </Point>

   <Point no="54" X="2087.3" D="1172.9">
     <MonitoredQuantities>
       <MonitoredDataGroup name="Monitored Voltages (kV)" unit="kV"  type="Bus">
           <MonitoredData name="BLN      33   43">31.9193</MonitoredData>
           <MonitoredData name="CUL      66   11">69.0607</MonitoredData>
           <MonitoredData name="ISL      220  52">223.2849</MonitoredData>
       </MonitoredDataGroup>
     </MonitoredQuantities>
     <Contingency name="" status="Security Limit"> 
     </Contingency>
   </Point>

   <Point no="56" X="2092.3" D="1177.9">
     <MonitoredQuantities>
       <MonitoredDataGroup name="Monitored Voltages (kV)" unit="kV"  type="Bus">
           <MonitoredData name="BLN      33   43">31.9287</MonitoredData>
           <MonitoredData name="CUL      66   11">69.0396</MonitoredData>
           <MonitoredData name="ISL      220  52">223.1588</MonitoredData>
       </MonitoredDataGroup>
     </MonitoredQuantities>
     <Contingency name="ASB_TWZ1" status="Insecure"> 
          <Violation type="VS Margin"></Violation>
     </Contingency>
   </Point>

</TransferPoints>
</Transfer>
</DSAToolsLMT>
