<?xml version="1.0" encoding="UTF-8" ?>

<DSAToolsLMT programtype="VSAT" version="15.0" timestamp="10-MAR-17 00:31:21">

<Transfer name="VersionControl">

<TransferSources count="2">

    <Source id="X" name="SIGENS*">
        <Initial>2170.1</Initial>
        <Max>    2670.1</Max>
        <Min>    2170.1</Min>
    </Source>

  <Source id="D" name="GZ14_TWI*">
      <Initial>4.8</Initial>
      <Max>504.8</Max>
      <Min>4.8</Min>
  </Source>

</TransferSources>

<ViolationTypeList>
   <ViolationElement type="Overload"/>
</ViolationTypeList>

<TransferPoints>

   <Point no="1" X="2170.1" D="4.8">
     <MonitoredQuantities>
       <MonitoredDataGroup name="Monitored Voltages (pu)" unit="pu"  type="Bus">
           <MonitoredData name="MTI      11   70">1.0052</MonitoredData>
           <MonitoredData name="BEN      16   107">0.9916</MonitoredData>
       </MonitoredDataGroup>
     </MonitoredQuantities>
     <Contingency name="" status="Secure Base Case"> 
     </Contingency>
   </Point>

   <Point no="14" X="2285.1" D="119.8">
     <MonitoredQuantities>
       <MonitoredDataGroup name="Monitored Voltages (pu)" unit="pu"  type="Bus">
           <MonitoredData name="MTI      11   70">1.0052</MonitoredData>
           <MonitoredData name="BEN      16   107">0.9916</MonitoredData>
       </MonitoredDataGroup>
     </MonitoredQuantities>
     <Contingency name="" status="Security Limit"> 
     </Contingency>
   </Point>

   <Point no="15" X="2290.1" D="124.8">
     <Contingency name="Pre-contg" status="Insecure"> 
          <Violation type="Collapse"></Violation>
     </Contingency>
   </Point>

</TransferPoints>
</Transfer>
</DSAToolsLMT>
