<?xml version="1.0" encoding="UTF-8" ?>

<TransferFile programtype = "VSAT" version = "15.0" date = "10-MAR-17" time = "00:31" nameoption = "eqname">

<Transfer name = "GOSZONE9">

<TransferSources count = "2">

<Source1 id = "X" name = "SIGENS">
<Initial>         1557.3</Initial>
<Max>             2557.3</Max>
<Min>             1557.3</Min>
</Source1>

<Source2 id = "D" name = "GOSZONE9">
<Initial>          130.8</Initial>
<Max>             1130.8</Max>
<Min>              130.8</Min>
</Source2>

</TransferSources>

<TransferPoints>

<Point no = "26" X = "1774.8" D = "348.3">
<Contingency name = "" violation = "Security Limit"/> 
</Point>

<Point no = "28" X = "1775.8" D = "349.3">
<Contingency name = "KIK_T2" violation = "VS Margin Violation"/> 
</Point>

</TransferPoints>

<MonitoredQuantities>

<MonitoredQuantityValues>
<Value id = "1" name = "Initial" point = "1" />
<Value id = "2" name = "Pre Contingency Limit" point = "26" />
<Value id = "3" name = "Insecure" point = "28" />
<Value id = "4" name = "Post Contingency Limit" point = "26" />
</MonitoredQuantityValues>

<MonitoredDataGroup name = "Monitored Voltages (kV)" unit = "kV" type = "Bus">

<MonitoredData eqname = "BLN      110  19">
<Value1>110.5</Value1>
<Value2>106.1</Value2>
<Value3>106.0</Value3>
<Value4>97.1</Value4>
</MonitoredData>

<MonitoredData eqname = "BLN      33   43">
<Value1>32.4</Value1>
<Value2>30.7</Value2>
<Value3>30.6</Value3>
<Value4>27.9</Value4>
</MonitoredData>

<MonitoredData eqname = "STK      220  8">
<Value1>223.9</Value1>
<Value2>218.5</Value2>
<Value3>218.5</Value3>
<Value4>204.9</Value4>
</MonitoredData>

</MonitoredDataGroup>

<MonitoredDataGroup name = "Monitored Interface MW Flow" unit = "MW" type = "Interface">

<MonitoredData name = "INTO_GZ9">
<Value1>100.1</Value1>
<Value2>321.6</Value2>
<Value3>322.6</Value3>
<Value4>313.1</Value4>
</MonitoredData>

</MonitoredDataGroup>

</MonitoredQuantities>

</Transfer>

</TransferFile>
