<?xml version="1.0" encoding="UTF-8" ?>

<DSAToolsLMT programtype="VSAT" version="15.0" timestamp="10-MAR-17 00:31:17">

<Transfer name="GZ678">

<TransferSources count="2">

    <Source id="X" name="NIGENS*">
        <Initial>1352.6</Initial>
        <Max>    2807.0</Max>
        <Min>    1352.6</Min>
    </Source>

  <Source id="D" name="GZ678">
      <Initial>467.1</Initial>
      <Max>2267.1</Max>
      <Min>467.1</Min>
  </Source>

</TransferSources>

<ViolationTypeList>
   <ViolationElement type="Overload"/>
   <ViolationElement type="VS Margin"/>
</ViolationTypeList>

<ContingencyList count="31">
   <ContingencyElement name="BEN_P2"/>
   <ContingencyElement name="BEN_P3"/>
   <ContingencyElement name="BPE_BRK1"/>
   <ContingencyElement name="BPE_HAY1"/>
   <ContingencyElement name="BPE_HAY2"/>
   <ContingencyElement name="BPE_LTN1"/>
   <ContingencyElement name="BPE_T1"/>
   <ContingencyElement name="BPE_T2"/>
   <ContingencyElement name="BPE_T3"/>
   <ContingencyElement name="BPE_TKU1"/>
   <ContingencyElement name="BPE_TKU2"/>
   <ContingencyElement name="BPE_TNG1"/>
   <ContingencyElement name="BPE_WIL1"/>
   <ContingencyElement name="BRK_SFD1"/>
   <ContingencyElement name="BRK_SFD3"/>
   <ContingencyElement name="HAY_LTN1"/>
   <ContingencyElement name="HAY_T1"/>
   <ContingencyElement name="HAY_T2"/>
   <ContingencyElement name="HAY_T5"/>
   <ContingencyElement name="HAY_TKR1"/>
   <ContingencyElement name="HAY_TKR2"/>
   <ContingencyElement name="HAY_WIL1"/>
   <ContingencyElement name="HLY_SFD"/>
   <ContingencyElement name="HLY_TWH1"/>
   <ContingencyElement name="MGM_WDV1"/>
   <ContingencyElement name="RPO_TNG1"/>
   <ContingencyElement name="SPLGEN"/>
   <ContingencyElement name="TKR_WIL1"/>
   <ContingencyElement name="TKR_WIL2"/>
   <ContingencyElement name="TMN_TWH1"/>
   <ContingencyElement name="WIL_T8"/>
</ContingencyList>

<TransferPoints>

   <Point no="1" X="1352.6" D="467.1">
     <MonitoredQuantities>
       <MonitoredDataGroup name="Monitored Voltages (kV)" unit="kV"  type="Bus">
           <MonitoredData name="HAY      220  54">221.1440</MonitoredData>
           <MonitoredData name="BPE      220  46">225.0908</MonitoredData>
           <MonitoredData name="HAY      110  73">113.4100</MonitoredData>
           <MonitoredData name="MST      110  8">112.5825</MonitoredData>
           <MonitoredData name="CPK      110  9">112.5005</MonitoredData>
           <MonitoredData name="CPK      110  15">112.5008</MonitoredData>
           <MonitoredData name="CPK      110  7">112.4506</MonitoredData>
       </MonitoredDataGroup>
       <MonitoredDataGroup name="Monitored Interface MW Flow" unit="MW" type="Interface">
           <MonitoredData name="INTO_GZ8_5">140.2397</MonitoredData>
       </MonitoredDataGroup>
     </MonitoredQuantities>
     <Contingency name="" status="Secure Base Case"> 
     </Contingency>
   </Point>

   <Point no="58" X="1922.6" D="1037.1">
     <MonitoredQuantities>
       <MonitoredDataGroup name="Monitored Voltages (kV)" unit="kV"  type="Bus">
           <MonitoredData name="HAY      220  54">221.1440</MonitoredData>
           <MonitoredData name="BPE      220  46">222.0906</MonitoredData>
           <MonitoredData name="HAY      110  73">113.4100</MonitoredData>
           <MonitoredData name="MST      110  8">110.5728</MonitoredData>
           <MonitoredData name="CPK      110  9">112.2858</MonitoredData>
           <MonitoredData name="CPK      110  15">112.2868</MonitoredData>
           <MonitoredData name="CPK      110  7">112.0845</MonitoredData>
       </MonitoredDataGroup>
       <MonitoredDataGroup name="Monitored Interface MW Flow" unit="MW" type="Interface">
           <MonitoredData name="INTO_GZ8_5">418.2329</MonitoredData>
       </MonitoredDataGroup>
     </MonitoredQuantities>
     <Contingency name="" status="Security Limit"> 
     </Contingency>
   </Point>

   <Point no="60" X="1927.6" D="1042.1">
     <MonitoredQuantities>
       <MonitoredDataGroup name="Monitored Voltages (kV)" unit="kV"  type="Bus">
           <MonitoredData name="HAY      220  54">221.1440</MonitoredData>
           <MonitoredData name="BPE      220  46">222.0398</MonitoredData>
           <MonitoredData name="HAY      110  73">113.4100</MonitoredData>
           <MonitoredData name="MST      110  8">110.5526</MonitoredData>
           <MonitoredData name="CPK      110  9">112.2831</MonitoredData>
           <MonitoredData name="CPK      110  15">112.2842</MonitoredData>
           <MonitoredData name="CPK      110  7">112.0802</MonitoredData>
       </MonitoredDataGroup>
       <MonitoredDataGroup name="Monitored Interface MW Flow" unit="MW" type="Interface">
           <MonitoredData name="INTO_GZ8_5">420.4015</MonitoredData>
       </MonitoredDataGroup>
     </MonitoredQuantities>
     <Contingency name="Pre-contg" status="Insecure"> 
          <Violation type="VS Margin"></Violation>
     </Contingency>
   </Point>

</TransferPoints>
</Transfer>
</DSAToolsLMT>
