<?xml version="1.0" encoding="UTF-8" ?>

<DSAToolsLMT programtype="VSAT" version="15.0" timestamp="10-MAR-17 00:31:17">

<Transfer name="ZONE1">

<TransferSources count="2">

    <Source id="X" name="NIGENS">
        <Initial>941.7</Initial>
        <Max>    2920.8</Max>
        <Min>    941.7</Min>
    </Source>

  <Source id="D" name="ZONE1">
      <Initial>926.5</Initial>
      <Max>2926.5</Max>
      <Min>926.5</Min>
  </Source>

</TransferSources>

<ViolationTypeList>
   <ViolationElement type="Overload"/>
   <ViolationElement type="VS Margin"/>
</ViolationTypeList>

<ContingencyList count="54">
   <ContingencyElement name="ALB_HEN1"/>
   <ContingencyElement name="ALB_HEN2"/>
   <ContingencyElement name="ALB_HEN3"/>
   <ContingencyElement name="ALB_SVC"/>
   <ContingencyElement name="ARI_BOB1"/>
   <ContingencyElement name="BOB_HAM1"/>
   <ContingencyElement name="BOB_HAM2"/>
   <ContingencyElement name="BOB_OTA1"/>
   <ContingencyElement name="BOB_OTA2"/>
   <ContingencyElement name="DRY_OTA1"/>
   <ContingencyElement name="HAM_OHW1"/>
   <ContingencyElement name="HAM_WKM1"/>
   <ContingencyElement name="HEN_HEP1"/>
   <ContingencyElement name="HEN_HEP2"/>
   <ContingencyElement name="HEN_HEP3"/>
   <ContingencyElement name="HEN_HEP4"/>
   <ContingencyElement name="HEN_MPE1"/>
   <ContingencyElement name="HEN_MPE2"/>
   <ContingencyElement name="HEN_T1"/>
   <ContingencyElement name="HEN_T5"/>
   <ContingencyElement name="HEP_ROS1"/>
   <ContingencyElement name="HEP_ROS2"/>
   <ContingencyElement name="HLY1"/>
   <ContingencyElement name="HLY2"/>
   <ContingencyElement name="HLY5"/>
   <ContingencyElement name="HLY_OHW1"/>
   <ContingencyElement name="HLY_OHW2"/>
   <ContingencyElement name="HLY_OTA2"/>
   <ContingencyElement name="HLY_SFD"/>
   <ContingencyElement name="HLY_TWH1"/>
   <ContingencyElement name="KOE_MPE1"/>
   <ContingencyElement name="KOE_MPE2"/>
   <ContingencyElement name="MDN_MPE1"/>
   <ContingencyElement name="MDN_MPE2"/>
   <ContingencyElement name="MDN_T6"/>
   <ContingencyElement name="MNG_OTA1"/>
   <ContingencyElement name="MNG_OTA2"/>
   <ContingencyElement name="MNG_ROS1"/>
   <ContingencyElement name="MNG_ROS2"/>
   <ContingencyElement name="OHW_OTA1"/>
   <ContingencyElement name="OHW_OTA2"/>
   <ContingencyElement name="OHW_WKM1"/>
   <ContingencyElement name="OTA_PAK3"/>
   <ContingencyElement name="OTA_PAK4"/>
   <ContingencyElement name="OTA_PEN5"/>
   <ContingencyElement name="OTA_PEN6"/>
   <ContingencyElement name="OTA_ROS1"/>
   <ContingencyElement name="OTA_ROS2"/>
   <ContingencyElement name="OTA_T2"/>
   <ContingencyElement name="OTA_T3"/>
   <ContingencyElement name="OTA_T4"/>
   <ContingencyElement name="OTA_T5"/>
   <ContingencyElement name="OTA_WKM1"/>
   <ContingencyElement name="OTA_WKM2"/>
</ContingencyList>

<TransferPoints>

   <Point no="1" X="941.7" D="926.5">
     <MonitoredQuantities>
       <MonitoredDataGroup name="Monitored Voltages (pu)" unit="pu"  type="Bus">
           <MonitoredData name="OTA      220  153">1.0135</MonitoredData>
           <MonitoredData name="OTA      220  56">1.0135</MonitoredData>
           <MonitoredData name="OTA      220  410">1.0135</MonitoredData>
       </MonitoredDataGroup>
       <MonitoredDataGroup name="Monitored Interface MW Flow" unit="MW" type="Interface">
           <MonitoredData name="INTO_Z1">571.1833</MonitoredData>
       </MonitoredDataGroup>
     </MonitoredQuantities>
     <Contingency name="" status="Secure Base Case"> 
     </Contingency>
   </Point>

   <Point no="79" X="1721.7" D="1706.5">
     <MonitoredQuantities>
       <MonitoredDataGroup name="Monitored Voltages (pu)" unit="pu"  type="Bus">
           <MonitoredData name="OTA      220  153">1.0038</MonitoredData>
           <MonitoredData name="OTA      220  56">1.0039</MonitoredData>
           <MonitoredData name="OTA      220  410">1.0038</MonitoredData>
       </MonitoredDataGroup>
       <MonitoredDataGroup name="Monitored Interface MW Flow" unit="MW" type="Interface">
           <MonitoredData name="INTO_Z1">1399.0626</MonitoredData>
       </MonitoredDataGroup>
     </MonitoredQuantities>
     <Contingency name="" status="Security Limit"> 
     </Contingency>
   </Point>

   <Point no="81" X="1726.7" D="1711.5">
     <MonitoredQuantities>
       <MonitoredDataGroup name="Monitored Voltages (pu)" unit="pu"  type="Bus">
           <MonitoredData name="OTA      220  153">1.0036</MonitoredData>
           <MonitoredData name="OTA      220  56">1.0037</MonitoredData>
           <MonitoredData name="OTA      220  410">1.0036</MonitoredData>
       </MonitoredDataGroup>
       <MonitoredDataGroup name="Monitored Interface MW Flow" unit="MW" type="Interface">
           <MonitoredData name="INTO_Z1">1404.5203</MonitoredData>
       </MonitoredDataGroup>
     </MonitoredQuantities>
     <Contingency name="MDN_T6" status="Insecure"> 
          <Violation type="VS Margin"></Violation>
     </Contingency>
   </Point>

</TransferPoints>
</Transfer>
</DSAToolsLMT>
