<?xml version="1.0" encoding="UTF-8" ?>

<DSAToolsLMT programtype="VSAT" version="15.0" timestamp="10-MAR-17 00:31:19">

<Transfer name="GOSZONE5">

<TransferSources count="2">

    <Source id="X" name="GEN5">
        <Initial>1986.5</Initial>
        <Max>    2986.5</Max>
        <Min>    1986.5</Min>
    </Source>

  <Source id="D" name="GOSZONE5">
      <Initial>178.7</Initial>
      <Max>1178.7</Max>
      <Min>178.7</Min>
  </Source>

</TransferSources>

<ViolationTypeList>
   <ViolationElement type="Overload"/>
   <ViolationElement type="VS Margin"/>
</ViolationTypeList>

<ContingencyList count="13">
   <ContingencyElement name="FHL_RDF1"/>
   <ContingencyElement name="FHL_RDF2"/>
   <ContingencyElement name="FHL_TUI1"/>
   <ContingencyElement name="OHK_WRK"/>
   <ContingencyElement name="PPI_THI1"/>
   <ContingencyElement name="RDF_T3"/>
   <ContingencyElement name="RDF_T4"/>
   <ContingencyElement name="RDF_WHI1"/>
   <ContingencyElement name="RDF_WRK"/>
   <ContingencyElement name="RPO_WRK1"/>
   <ContingencyElement name="THI_WKM1"/>
   <ContingencyElement name="THI_WRK1"/>
   <ContingencyElement name="WHI_WRK1"/>
</ContingencyList>

<TransferPoints>

   <Point no="1" X="1986.5" D="178.7">
     <MonitoredQuantities>
       <MonitoredDataGroup name="Monitored Voltages (kV)" unit="kV"  type="Bus">
           <MonitoredData name="TUI      110  28">112.3430</MonitoredData>
       </MonitoredDataGroup>
       <MonitoredDataGroup name="Monitored Interface MW Flow" unit="MW" type="Interface">
           <MonitoredData name="INTO_GZ5">169.1365</MonitoredData>
       </MonitoredDataGroup>
     </MonitoredQuantities>
     <Contingency name="" status="Secure Base Case"> 
     </Contingency>
   </Point>

   <Point no="24" X="2201.5" D="393.7">
     <MonitoredQuantities>
       <MonitoredDataGroup name="Monitored Voltages (kV)" unit="kV"  type="Bus">
           <MonitoredData name="TUI      110  28">112.2946</MonitoredData>
       </MonitoredDataGroup>
       <MonitoredDataGroup name="Monitored Interface MW Flow" unit="MW" type="Interface">
           <MonitoredData name="INTO_GZ5">393.0563</MonitoredData>
       </MonitoredDataGroup>
     </MonitoredQuantities>
     <Contingency name="" status="Security Limit"> 
     </Contingency>
   </Point>

   <Point no="25" X="2206.5" D="398.7">
     <MonitoredQuantities>
       <MonitoredDataGroup name="Monitored Voltages (kV)" unit="kV"  type="Bus">
           <MonitoredData name="TUI      110  28">112.0664</MonitoredData>
       </MonitoredDataGroup>
       <MonitoredDataGroup name="Monitored Interface MW Flow" unit="MW" type="Interface">
           <MonitoredData name="INTO_GZ5">398.3491</MonitoredData>
       </MonitoredDataGroup>
     </MonitoredQuantities>
     <Contingency name="WHI_WRK1" status="Insecure"> 
          <Violation type="VS Margin"></Violation>
     </Contingency>
   </Point>

</TransferPoints>
</Transfer>
</DSAToolsLMT>
