<?xml version="1.0" encoding="UTF-8" ?>

<TransferFile programtype = "VSAT" version = "15.0" date = "10-MAR-17" time = "00:31" nameoption = "eqname">

<Transfer name = "ZONE3">

<TransferSources count = "2">

<Source1 id = "X" name = "SIGENS">
<Initial>         1557.3</Initial>
<Max>             2557.3</Max>
<Min>             1557.3</Min>
</Source1>

<Source2 id = "D" name = "ZONE3">
<Initial>          642.9</Initial>
<Max>             1642.9</Max>
<Min>              642.9</Min>
</Source2>

</TransferSources>

<TransferPoints>

<Point no = "54" X = "2087.3" D = "1172.9">
<Contingency name = "" violation = "Security Limit"/> 
</Point>

<Point no = "56" X = "2092.3" D = "1177.9">
<Contingency name = "ASB_TWZ1" violation = "VS Margin Violation"/> 
</Point>

</TransferPoints>

<MonitoredQuantities>

<MonitoredQuantityValues>
<Value id = "1" name = "Initial" point = "1" />
<Value id = "2" name = "Pre Contingency Limit" point = "54" />
<Value id = "3" name = "Insecure" point = "56" />
<Value id = "4" name = "Post Contingency Limit" point = "54" />
</MonitoredQuantityValues>

<MonitoredDataGroup name = "Monitored Voltages (kV)" unit = "kV" type = "Bus">

<MonitoredData eqname = "BLN      33   43">
<Value1>32.4</Value1>
<Value2>31.9</Value2>
<Value3>31.9</Value3>
<Value4>32.1</Value4>
</MonitoredData>

<MonitoredData eqname = "CUL      66   11">
<Value1>68.8</Value1>
<Value2>69.1</Value2>
<Value3>69.0</Value3>
<Value4>68.0</Value4>
</MonitoredData>

<MonitoredData eqname = "ISL      220  52">
<Value1>223.9</Value1>
<Value2>223.3</Value2>
<Value3>223.2</Value3>
<Value4>218.3</Value4>
</MonitoredData>

</MonitoredDataGroup>

</MonitoredQuantities>

</Transfer>

</TransferFile>
