<?xml version="1.0" encoding="UTF-8" ?>

<DSAToolsLMT programtype="VSAT" version="15.0" timestamp="10-MAR-17 00:31:17">

<Transfer name="GOSZONE1">

<TransferSources count="2">

    <Source id="X" name="NIGENS#">
        <Initial>941.7</Initial>
        <Max>    1941.7</Max>
        <Min>    941.7</Min>
    </Source>

  <Source id="D" name="GOSZON1">
      <Initial>317.1</Initial>
      <Max>2317.1</Max>
      <Min>317.1</Min>
  </Source>

</TransferSources>

<ViolationTypeList>
   <ViolationElement type="Overload"/>
   <ViolationElement type="VS Margin"/>
</ViolationTypeList>

<ContingencyList count="48">
   <ContingencyElement name="ALB_HEN1"/>
   <ContingencyElement name="ALB_HEN2"/>
   <ContingencyElement name="ALB_HEN3"/>
   <ContingencyElement name="ALB_HPI1"/>
   <ContingencyElement name="ALB_SVC"/>
   <ContingencyElement name="BOB_OTA1"/>
   <ContingencyElement name="BOB_OTA2"/>
   <ContingencyElement name="BRB_HPI1"/>
   <ContingencyElement name="BRB_MDN"/>
   <ContingencyElement name="DRY_OTA1"/>
   <ContingencyElement name="HAM_OHW1"/>
   <ContingencyElement name="HEN_HEP1"/>
   <ContingencyElement name="HEN_HEP2"/>
   <ContingencyElement name="HEN_HEP3"/>
   <ContingencyElement name="HEN_HEP4"/>
   <ContingencyElement name="HEN_HPI1"/>
   <ContingencyElement name="HEN_MPE1"/>
   <ContingencyElement name="HEN_MPE2"/>
   <ContingencyElement name="HEN_OTA"/>
   <ContingencyElement name="HEN_SWN"/>
   <ContingencyElement name="HEN_T1"/>
   <ContingencyElement name="HEN_T5"/>
   <ContingencyElement name="HEP_ROS1"/>
   <ContingencyElement name="HEP_ROS2"/>
   <ContingencyElement name="HLY1"/>
   <ContingencyElement name="HLY2"/>
   <ContingencyElement name="HLY5"/>
   <ContingencyElement name="HLY_OHW1"/>
   <ContingencyElement name="HLY_OHW2"/>
   <ContingencyElement name="HLY_OTA2"/>
   <ContingencyElement name="HPI_MDN1"/>
   <ContingencyElement name="KOE_MPE1"/>
   <ContingencyElement name="KOE_MPE2"/>
   <ContingencyElement name="MDN_MPE1"/>
   <ContingencyElement name="MDN_MPE2"/>
   <ContingencyElement name="MDN_T6"/>
   <ContingencyElement name="MNG_OTA1"/>
   <ContingencyElement name="MNG_OTA2"/>
   <ContingencyElement name="MNG_ROS1"/>
   <ContingencyElement name="MNG_ROS2"/>
   <ContingencyElement name="OHW_OTA1"/>
   <ContingencyElement name="OHW_OTA2"/>
   <ContingencyElement name="OHW_WKM1"/>
   <ContingencyElement name="OTA_PAK3"/>
   <ContingencyElement name="OTA_PAK4"/>
   <ContingencyElement name="OTA_ROS1"/>
   <ContingencyElement name="OTA_ROS2"/>
   <ContingencyElement name="OTA_SWN"/>
</ContingencyList>

<TransferPoints>

   <Point no="1" X="941.7" D="317.1">
     <MonitoredQuantities>
       <MonitoredDataGroup name="Monitored Voltages (pu)" unit="pu"  type="Bus">
           <MonitoredData name="HEN      220  28">1.0135</MonitoredData>
       </MonitoredDataGroup>
       <MonitoredDataGroup name="Monitored Interface MW Flow" unit="MW" type="Interface">
           <MonitoredData name="INTO_GZ1">318.6941</MonitoredData>
       </MonitoredDataGroup>
     </MonitoredQuantities>
     <Contingency name="" status="Secure Base Case"> 
     </Contingency>
   </Point>

   <Point no="30" X="1231.7" D="607.1">
     <MonitoredQuantities>
       <MonitoredDataGroup name="Monitored Voltages (pu)" unit="pu"  type="Bus">
           <MonitoredData name="HEN      220  28">1.0124</MonitoredData>
       </MonitoredDataGroup>
       <MonitoredDataGroup name="Monitored Interface MW Flow" unit="MW" type="Interface">
           <MonitoredData name="INTO_GZ1">612.5471</MonitoredData>
       </MonitoredDataGroup>
     </MonitoredQuantities>
     <Contingency name="" status="Security Limit"> 
     </Contingency>
   </Point>

   <Point no="32" X="1236.7" D="612.1">
     <MonitoredQuantities>
       <MonitoredDataGroup name="Monitored Voltages (pu)" unit="pu"  type="Bus">
           <MonitoredData name="HEN      220  28">1.0124</MonitoredData>
       </MonitoredDataGroup>
       <MonitoredDataGroup name="Monitored Interface MW Flow" unit="MW" type="Interface">
           <MonitoredData name="INTO_GZ1">617.3946</MonitoredData>
       </MonitoredDataGroup>
     </MonitoredQuantities>
     <Contingency name="MDN_T6" status="Insecure"> 
          <Violation type="VS Margin"></Violation>
     </Contingency>
   </Point>

</TransferPoints>
</Transfer>
</DSAToolsLMT>
