<?xml version="1.0" encoding="UTF-8" ?>

<DSAToolsLMT programtype="VSAT" version="15.0" timestamp="10-MAR-17 00:31:17">

<Transfer name="GZ14_TWI">

<TransferSources count="2">

    <Source id="X" name="SIGENS*">
        <Initial>945.6</Initial>
        <Max>    2445.6</Max>
        <Min>    945.6</Min>
    </Source>

  <Source id="D" name="GZ14_TWI">
      <Initial>200.0</Initial>
      <Max>1700.0</Max>
      <Min>200.0</Min>
  </Source>

</TransferSources>

<ViolationTypeList>
   <ViolationElement type="Overload"/>
   <ViolationElement type="VS Margin"/>
</ViolationTypeList>

<ContingencyList count="41">
   <ContingencyElement name="AVI_BEN1"/>
   <ContingencyElement name="AVI_BEN2"/>
   <ContingencyElement name="AVI_WTK"/>
   <ContingencyElement name="BAL_GOR"/>
   <ContingencyElement name="BAL_HWB"/>
   <ContingencyElement name="CYD_ROX1"/>
   <ContingencyElement name="CYD_ROX2"/>
   <ContingencyElement name="CYD_TWZ1"/>
   <ContingencyElement name="CYD_TWZ2"/>
   <ContingencyElement name="EDN_INV"/>
   <ContingencyElement name="GOR_ROX1"/>
   <ContingencyElement name="HWBTMH1*"/>
   <ContingencyElement name="HWB_ROX1"/>
   <ContingencyElement name="HWB_ROX2"/>
   <ContingencyElement name="HWB_SDN"/>
   <ContingencyElement name="INV_MAN"/>
   <ContingencyElement name="INV_NMA"/>
   <ContingencyElement name="INV_ROX1"/>
   <ContingencyElement name="INV_ROX2"/>
   <ContingencyElement name="INV_TWI1"/>
   <ContingencyElement name="ISL_LIV"/>
   <ContingencyElement name="LIV_NSY"/>
   <ContingencyElement name="LIV_WTK"/>
   <ContingencyElement name="MAN_NMA1"/>
   <ContingencyElement name="MAN_NMA2"/>
   <ContingencyElement name="MAN_NMA3"/>
   <ContingencyElement name="MAN_U1"/>
   <ContingencyElement name="MAN_U2"/>
   <ContingencyElement name="MAN_U3"/>
   <ContingencyElement name="MAN_U4"/>
   <ContingencyElement name="MAN_U5"/>
   <ContingencyElement name="MAN_U6"/>
   <ContingencyElement name="MAN_U7"/>
   <ContingencyElement name="NMA_TMH1"/>
   <ContingencyElement name="NMA_TMH2"/>
   <ContingencyElement name="NMA_TWI1"/>
   <ContingencyElement name="NMA_TWI2"/>
   <ContingencyElement name="NSY_ROX"/>
   <ContingencyElement name="ROX_U6"/>
   <ContingencyElement name="ROX_U7"/>
   <ContingencyElement name="ROX_U8"/>
</ContingencyList>

<TransferPoints>

   <Point no="1" X="945.6" D="200.0">
     <MonitoredQuantities>
       <MonitoredDataGroup name="Monitored Voltages (pu)" unit="pu"  type="Bus">
           <MonitoredData name="EDN      33   35">0.9981</MonitoredData>
           <MonitoredData name="BAL      110  9">1.0136</MonitoredData>
           <MonitoredData name="HWB      33   92">1.0242</MonitoredData>
           <MonitoredData name="HWB      33   98">0.9974</MonitoredData>
       </MonitoredDataGroup>
       <MonitoredDataGroup name="Monitored Interface MW Flow" unit="MW" type="Interface">
           <MonitoredData name="INTO_GZ14">291.9903</MonitoredData>
       </MonitoredDataGroup>
     </MonitoredQuantities>
     <Contingency name="" status="Secure Base Case"> 
     </Contingency>
   </Point>

   <Point no="22" X="1140.6" D="395.0">
     <MonitoredQuantities>
       <MonitoredDataGroup name="Monitored Voltages (pu)" unit="pu"  type="Bus">
           <MonitoredData name="EDN      33   35">0.9410</MonitoredData>
           <MonitoredData name="BAL      110  9">0.9749</MonitoredData>
           <MonitoredData name="HWB      33   92">1.0341</MonitoredData>
           <MonitoredData name="HWB      33   98">0.9973</MonitoredData>
       </MonitoredDataGroup>
       <MonitoredDataGroup name="Monitored Interface MW Flow" unit="MW" type="Interface">
           <MonitoredData name="INTO_GZ14">366.0936</MonitoredData>
       </MonitoredDataGroup>
     </MonitoredQuantities>
     <Contingency name="" status="Security Limit"> 
     </Contingency>
   </Point>

   <Point no="23" X="1145.6" D="400.0">
     <MonitoredQuantities>
       <MonitoredDataGroup name="Monitored Voltages (pu)" unit="pu"  type="Bus">
           <MonitoredData name="EDN      33   35">0.9391</MonitoredData>
           <MonitoredData name="BAL      110  9">0.9737</MonitoredData>
           <MonitoredData name="HWB      33   92">1.0347</MonitoredData>
           <MonitoredData name="HWB      33   98">0.9973</MonitoredData>
       </MonitoredDataGroup>
       <MonitoredDataGroup name="Monitored Interface MW Flow" unit="MW" type="Interface">
           <MonitoredData name="INTO_GZ14">368.0399</MonitoredData>
       </MonitoredDataGroup>
     </MonitoredQuantities>
     <Contingency name="BAL_HWB" status="Insecure"> 
          <Violation type="VS Margin"></Violation>
     </Contingency>
   </Point>

</TransferPoints>
</Transfer>
</DSAToolsLMT>
