<?xml version="1.0" encoding="UTF-8" ?>

<TransferFile programtype = "VSAT" version = "15.0" date = "10-MAR-17" time = "00:31" nameoption = "eqname">

<Transfer name = "GOSZONE1">

<TransferSources count = "2">

<Source1 id = "X" name = "NIGENS#">
<Initial>          941.7</Initial>
<Max>             1941.7</Max>
<Min>              941.7</Min>
</Source1>

<Source2 id = "D" name = "GOSZON1">
<Initial>          317.1</Initial>
<Max>             2317.1</Max>
<Min>              317.1</Min>
</Source2>

</TransferSources>

<TransferPoints>

<Point no = "30" X = "1231.7" D = "607.1">
<Contingency name = "" violation = "Security Limit"/> 
</Point>

<Point no = "32" X = "1236.7" D = "612.1">
<Contingency name = "MDN_T6" violation = "VS Margin Violation"/> 
</Point>

</TransferPoints>

<MonitoredQuantities>

<MonitoredQuantityValues>
<Value id = "1" name = "Initial" point = "1" />
<Value id = "2" name = "Pre Contingency Limit" point = "30" />
<Value id = "3" name = "Insecure" point = "32" />
<Value id = "4" name = "Post Contingency Limit" point = "30" />
</MonitoredQuantityValues>

<MonitoredDataGroup name = "Monitored Voltages (pu)" unit = "pu" type = "Bus">

<MonitoredData eqname = "HEN      220  28">
<Value1>1.0135</Value1>
<Value2>1.0124</Value2>
<Value3>1.0124</Value3>
<Value4>1.0095</Value4>
</MonitoredData>

</MonitoredDataGroup>

<MonitoredDataGroup name = "Monitored Interface MW Flow" unit = "MW" type = "Interface">

<MonitoredData name = "INTO_GZ1">
<Value1>318.7</Value1>
<Value2>612.5</Value2>
<Value3>617.4</Value3>
<Value4>658.4</Value4>
</MonitoredData>

</MonitoredDataGroup>

</MonitoredQuantities>

</Transfer>

</TransferFile>
