<?xml version="1.0" encoding="UTF-8" ?>

<TransferFile programtype = "VSAT" version = "15.0" date = "10-MAR-17" time = "00:31" nameoption = "eqname">

<Transfer name = "ZONE1">

<TransferSources count = "2">

<Source1 id = "X" name = "NIGENS">
<Initial>          941.7</Initial>
<Max>             2920.8</Max>
<Min>              941.7</Min>
</Source1>

<Source2 id = "D" name = "ZONE1">
<Initial>          926.5</Initial>
<Max>             2926.5</Max>
<Min>              926.5</Min>
</Source2>

</TransferSources>

<TransferPoints>

<Point no = "79" X = "1721.7" D = "1706.5">
<Contingency name = "" violation = "Security Limit"/> 
</Point>

<Point no = "81" X = "1726.7" D = "1711.5">
<Contingency name = "MDN_T6" violation = "VS Margin Violation"/> 
</Point>

</TransferPoints>

<MonitoredQuantities>

<MonitoredQuantityValues>
<Value id = "1" name = "Initial" point = "1" />
<Value id = "2" name = "Pre Contingency Limit" point = "79" />
<Value id = "3" name = "Insecure" point = "81" />
<Value id = "4" name = "Post Contingency Limit" point = "79" />
</MonitoredQuantityValues>

<MonitoredDataGroup name = "Monitored Voltages (pu)" unit = "pu" type = "Bus">

<MonitoredData eqname = "OTA      220  153">
<Value1>1.0135</Value1>
<Value2>1.0038</Value2>
<Value3>1.0035</Value3>
<Value4>0.9953</Value4>
</MonitoredData>

<MonitoredData eqname = "OTA      220  56">
<Value1>1.0135</Value1>
<Value2>1.0039</Value2>
<Value3>1.0036</Value3>
<Value4>0.9954</Value4>
</MonitoredData>

<MonitoredData eqname = "OTA      220  410">
<Value1>1.0135</Value1>
<Value2>1.0038</Value2>
<Value3>1.0036</Value3>
<Value4>0.9954</Value4>
</MonitoredData>

</MonitoredDataGroup>

<MonitoredDataGroup name = "Monitored Interface MW Flow" unit = "MW" type = "Interface">

<MonitoredData name = "INTO_Z1">
<Value1>571.2</Value1>
<Value2>1399.1</Value2>
<Value3>1404.5</Value3>
<Value4>1443.6</Value4>
</MonitoredData>

</MonitoredDataGroup>

</MonitoredQuantities>

</Transfer>

</TransferFile>
