<?xml version="1.0" encoding="UTF-8" ?>

<TransferFile programtype = "VSAT" version = "15.0" date = "10-MAR-17" time = "00:31" nameoption = "eqname">

<Transfer name = "GOSZONE5">

<TransferSources count = "2">

<Source1 id = "X" name = "GEN5">
<Initial>         1986.5</Initial>
<Max>             2986.5</Max>
<Min>             1986.5</Min>
</Source1>

<Source2 id = "D" name = "GOSZONE5">
<Initial>          178.7</Initial>
<Max>             1178.7</Max>
<Min>              178.7</Min>
</Source2>

</TransferSources>

<TransferPoints>

<Point no = "24" X = "2201.5" D = "393.7">
<Contingency name = "" violation = "Security Limit"/> 
</Point>

<Point no = "25" X = "2206.5" D = "398.7">
<Contingency name = "WHI_WRK1" violation = "VS Margin Violation"/> 
</Point>

</TransferPoints>

<MonitoredQuantities>

<MonitoredQuantityValues>
<Value id = "1" name = "Initial" point = "1" />
<Value id = "2" name = "Pre Contingency Limit" point = "24" />
<Value id = "3" name = "Insecure" point = "25" />
<Value id = "4" name = "Post Contingency Limit" point = "24" />
</MonitoredQuantityValues>

<MonitoredDataGroup name = "Monitored Voltages (kV)" unit = "kV" type = "Bus">

<MonitoredData eqname = "TUI      110  28">
<Value1>112.3</Value1>
<Value2>112.3</Value2>
<Value3>112.1</Value3>
<Value4>99.4</Value4>
</MonitoredData>

</MonitoredDataGroup>

<MonitoredDataGroup name = "Monitored Interface MW Flow" unit = "MW" type = "Interface">

<MonitoredData name = "INTO_GZ5">
<Value1>169.1</Value1>
<Value2>393.1</Value2>
<Value3>398.4</Value3>
<Value4>406.5</Value4>
</MonitoredData>

</MonitoredDataGroup>

</MonitoredQuantities>

</Transfer>

</TransferFile>
