<?xml version="1.0" encoding="UTF-8" ?>

<DSAToolsLMT programtype="VSAT" version="15.0" timestamp="10-MAR-17 00:31:20">

<Transfer name="GZ12_HOR">

<TransferSources count="2">

    <Source id="X" name="SIGENS">
        <Initial>1557.3</Initial>
        <Max>    2557.3</Max>
        <Min>    1557.3</Min>
    </Source>

  <Source id="D" name="GZ12_HOR">
      <Initial>17.3</Initial>
      <Max>117.3</Max>
      <Min>17.3</Min>
  </Source>

</TransferSources>

<ViolationTypeList>
   <ViolationElement type="Overload"/>
   <ViolationElement type="VS Margin"/>
</ViolationTypeList>

<ContingencyList count="13">
   <ContingencyElement name="ATU_DOB1"/>
   <ContingencyElement name="ATU_IGH1"/>
   <ContingencyElement name="COL_HOR2"/>
   <ContingencyElement name="COL_HOR3"/>
   <ContingencyElement name="COL_OTI1"/>
   <ContingencyElement name="COL_OTI2"/>
   <ContingencyElement name="DOB_GYM"/>
   <ContingencyElement name="DOB_IGH2"/>
   <ContingencyElement name="HKK_KUM1"/>
   <ContingencyElement name="HKK_OTI2"/>
   <ContingencyElement name="HOR_ISL1"/>
   <ContingencyElement name="HOR_ISL2"/>
   <ContingencyElement name="KUM_OTI"/>
</ContingencyList>

<TransferPoints>

   <Point no="1" X="1557.3" D="17.3">
     <MonitoredQuantities>
       <MonitoredDataGroup name="Monitored Voltages (pu)" unit="pu"  type="Bus">
           <MonitoredData name="GYM      66   22">1.0234</MonitoredData>
           <MonitoredData name="OTI      66   6">1.0205</MonitoredData>
       </MonitoredDataGroup>
       <MonitoredDataGroup name="Monitored Interface MW Flow" unit="MW" type="Interface">
           <MonitoredData name="INTO_WC">-11.9454</MonitoredData>
       </MonitoredDataGroup>
     </MonitoredQuantities>
     <Contingency name="" status="Secure Base Case"> 
     </Contingency>
   </Point>

   <Point no="8" X="1575.3" D="35.3">
     <MonitoredQuantities>
       <MonitoredDataGroup name="Monitored Voltages (pu)" unit="pu"  type="Bus">
           <MonitoredData name="GYM      66   22">1.0113</MonitoredData>
           <MonitoredData name="OTI      66   6">1.0049</MonitoredData>
       </MonitoredDataGroup>
       <MonitoredDataGroup name="Monitored Interface MW Flow" unit="MW" type="Interface">
           <MonitoredData name="INTO_WC">7.1775</MonitoredData>
       </MonitoredDataGroup>
     </MonitoredQuantities>
     <Contingency name="" status="Security Limit"> 
     </Contingency>
   </Point>

   <Point no="9" X="1576.3" D="36.3">
     <MonitoredQuantities>
       <MonitoredDataGroup name="Monitored Voltages (pu)" unit="pu"  type="Bus">
           <MonitoredData name="GYM      66   22">1.0099</MonitoredData>
           <MonitoredData name="OTI      66   6">1.0032</MonitoredData>
       </MonitoredDataGroup>
       <MonitoredDataGroup name="Monitored Interface MW Flow" unit="MW" type="Interface">
           <MonitoredData name="INTO_WC">8.2653</MonitoredData>
       </MonitoredDataGroup>
     </MonitoredQuantities>
     <Contingency name="DOB_GYM" status="Insecure"> 
          <Violation type="VS Margin"></Violation>
     </Contingency>
   </Point>

</TransferPoints>
</Transfer>
</DSAToolsLMT>
