<?xml version="1.0" encoding="UTF-8" ?>

<TransferFile programtype = "VSAT" version = "15.0" date = "10-MAR-17" time = "00:31" nameoption = "eqname">

<Transfer name = "GZ678">

<TransferSources count = "2">

<Source1 id = "X" name = "NIGENS*">
<Initial>         1352.6</Initial>
<Max>             2807.0</Max>
<Min>             1352.6</Min>
</Source1>

<Source2 id = "D" name = "GZ678">
<Initial>          467.1</Initial>
<Max>             2267.1</Max>
<Min>              467.1</Min>
</Source2>

</TransferSources>

<TransferPoints>

<Point no = "58" X = "1922.6" D = "1037.1">
<Contingency name = "" violation = "Security Limit"/> 
</Point>

<Point no = "60" X = "1927.6" D = "1042.1">
<Contingency name = "Pre-contg" violation = "VS Margin Violation"/> 
</Point>

</TransferPoints>

<MonitoredQuantities>

<MonitoredQuantityValues>
<Value id = "1" name = "Initial" point = "1" />
<Value id = "2" name = "Pre Contingency Limit" point = "58" />
<Value id = "3" name = "Insecure" point = "60" />
</MonitoredQuantityValues>

<MonitoredDataGroup name = "Monitored Voltages (kV)" unit = "kV" type = "Bus">

<MonitoredData eqname = "HAY      220  54">
<Value1>221.1</Value1>
<Value2>221.1</Value2>
<Value3>221.1</Value3>
</MonitoredData>

<MonitoredData eqname = "BPE      220  46">
<Value1>225.1</Value1>
<Value2>222.1</Value2>
<Value3>222.0</Value3>
</MonitoredData>

<MonitoredData eqname = "HAY      110  73">
<Value1>113.4</Value1>
<Value2>113.4</Value2>
<Value3>113.4</Value3>
</MonitoredData>

<MonitoredData eqname = "MST      110  8">
<Value1>112.6</Value1>
<Value2>110.6</Value2>
<Value3>110.6</Value3>
</MonitoredData>

<MonitoredData eqname = "CPK      110  9">
<Value1>112.5</Value1>
<Value2>112.3</Value2>
<Value3>112.3</Value3>
</MonitoredData>

<MonitoredData eqname = "CPK      110  15">
<Value1>112.5</Value1>
<Value2>112.3</Value2>
<Value3>112.3</Value3>
</MonitoredData>

<MonitoredData eqname = "CPK      110  7">
<Value1>112.5</Value1>
<Value2>112.1</Value2>
<Value3>112.1</Value3>
</MonitoredData>

</MonitoredDataGroup>

<MonitoredDataGroup name = "Monitored Interface MW Flow" unit = "MW" type = "Interface">

<MonitoredData name = "INTO_GZ8_5">
<Value1>140.2</Value1>
<Value2>418.2</Value2>
<Value3>420.4</Value3>
</MonitoredData>

</MonitoredDataGroup>

</MonitoredQuantities>

</Transfer>

</TransferFile>
