<?xml version="1.0" encoding="UTF-8" ?>

<TransferFile programtype = "VSAT" version = "15.0" date = "10-MAR-17" time = "00:31" nameoption = "eqname">

<Transfer name = "GZ14_TWI">

<TransferSources count = "2">

<Source1 id = "X" name = "SIGENS*">
<Initial>          945.6</Initial>
<Max>             2445.6</Max>
<Min>              945.6</Min>
</Source1>

<Source2 id = "D" name = "GZ14_TWI">
<Initial>          200.0</Initial>
<Max>             1700.0</Max>
<Min>              200.0</Min>
</Source2>

</TransferSources>

<TransferPoints>

<Point no = "22" X = "1140.6" D = "395.0">
<Contingency name = "" violation = "Security Limit"/> 
</Point>

<Point no = "23" X = "1145.6" D = "400.0">
<Contingency name = "BAL_HWB" violation = "VS Margin Violation"/> 
</Point>

</TransferPoints>

<MonitoredQuantities>

<MonitoredQuantityValues>
<Value id = "1" name = "Initial" point = "1" />
<Value id = "2" name = "Pre Contingency Limit" point = "22" />
<Value id = "3" name = "Insecure" point = "23" />
<Value id = "4" name = "Post Contingency Limit" point = "22" />
</MonitoredQuantityValues>

<MonitoredDataGroup name = "Monitored Voltages (pu)" unit = "pu" type = "Bus">

<MonitoredData eqname = "EDN      33   35">
<Value1>0.9981</Value1>
<Value2>0.9410</Value2>
<Value3>0.9391</Value3>
<Value4>0.8752</Value4>
</MonitoredData>

<MonitoredData eqname = "BAL      110  9">
<Value1>1.0136</Value1>
<Value2>0.9749</Value2>
<Value3>0.9737</Value3>
<Value4>0.7521</Value4>
</MonitoredData>

<MonitoredData eqname = "HWB      33   92">
<Value1>1.0242</Value1>
<Value2>1.0341</Value2>
<Value3>1.0347</Value3>
<Value4>1.0339</Value4>
</MonitoredData>

<MonitoredData eqname = "HWB      33   98">
<Value1>0.9974</Value1>
<Value2>0.9973</Value2>
<Value3>0.9973</Value3>
<Value4>0.9975</Value4>
</MonitoredData>

</MonitoredDataGroup>

<MonitoredDataGroup name = "Monitored Interface MW Flow" unit = "MW" type = "Interface">

<MonitoredData name = "INTO_GZ14">
<Value1>292.0</Value1>
<Value2>366.1</Value2>
<Value3>368.0</Value3>
<Value4>368.8</Value4>
</MonitoredData>

</MonitoredDataGroup>

</MonitoredQuantities>

</Transfer>

</TransferFile>
