<?xml version="1.0" encoding="UTF-8" ?>

<TransferFile programtype = "VSAT" version = "15.0" date = "10-MAR-17" time = "00:31" nameoption = "eqname">

<Transfer name = "GZ12_HOR">

<TransferSources count = "2">

<Source1 id = "X" name = "SIGENS">
<Initial>         1557.3</Initial>
<Max>             2557.3</Max>
<Min>             1557.3</Min>
</Source1>

<Source2 id = "D" name = "GZ12_HOR">
<Initial>           17.3</Initial>
<Max>              117.3</Max>
<Min>               17.3</Min>
</Source2>

</TransferSources>

<TransferPoints>

<Point no = "8" X = "1575.3" D = "35.3">
<Contingency name = "" violation = "Security Limit"/> 
</Point>

<Point no = "9" X = "1576.3" D = "36.3">
<Contingency name = "DOB_GYM" violation = "VS Margin Violation"/> 
</Point>

</TransferPoints>

<MonitoredQuantities>

<MonitoredQuantityValues>
<Value id = "1" name = "Initial" point = "1" />
<Value id = "2" name = "Pre Contingency Limit" point = "8" />
<Value id = "3" name = "Insecure" point = "9" />
<Value id = "4" name = "Post Contingency Limit" point = "8" />
</MonitoredQuantityValues>

<MonitoredDataGroup name = "Monitored Voltages (pu)" unit = "pu" type = "Bus">

<MonitoredData eqname = "GYM      66   22">
<Value1>1.0233</Value1>
<Value2>1.0113</Value2>
<Value3>1.0099</Value3>
<Value4>0.8290</Value4>
</MonitoredData>

<MonitoredData eqname = "OTI      66   6">
<Value1>1.0205</Value1>
<Value2>1.0049</Value2>
<Value3>1.0032</Value3>
<Value4>0.9152</Value4>
</MonitoredData>

</MonitoredDataGroup>

<MonitoredDataGroup name = "Monitored Interface MW Flow" unit = "MW" type = "Interface">

<MonitoredData name = "INTO_WC">
<Value1>-11.9</Value1>
<Value2>7.2</Value2>
<Value3>8.3</Value3>
<Value4>12.3</Value4>
</MonitoredData>

</MonitoredDataGroup>

</MonitoredQuantities>

</Transfer>

</TransferFile>
