<?xml version="1.0" encoding="UTF-8" ?>

<DSAToolsLMT programtype="VSAT" version="15.0" timestamp="10-MAR-17 00:07:30">

<Transfer name="VersionControl">

<TransferSources count="2">

    <Source id="X" name="SIGENS*">
        <Initial>2229.4</Initial>
        <Max>    2729.4</Max>
        <Min>    2229.4</Min>
    </Source>

  <Source id="D" name="GZ14_TWI*">
      <Initial>5.2</Initial>
      <Max>505.2</Max>
      <Min>5.2</Min>
  </Source>

</TransferSources>

<ViolationTypeList>
   <ViolationElement type="Overload"/>
</ViolationTypeList>

<TransferPoints>

   <Point no="1" X="2229.4" D="5.2">
     <MonitoredQuantities>
       <MonitoredDataGroup name="Monitored Voltages (pu)" unit="pu"  type="Bus">
           <MonitoredData name="MTI      11   70">1.0035</MonitoredData>
           <MonitoredData name="BEN      16   107">0.9911</MonitoredData>
       </MonitoredDataGroup>
     </MonitoredQuantities>
     <Contingency name="" status="Secure Base Case"> 
     </Contingency>
   </Point>

   <Point no="14" X="2344.4" D="120.2">
     <MonitoredQuantities>
       <MonitoredDataGroup name="Monitored Voltages (pu)" unit="pu"  type="Bus">
           <MonitoredData name="MTI      11   70">1.0035</MonitoredData>
           <MonitoredData name="BEN      16   107">0.9911</MonitoredData>
       </MonitoredDataGroup>
     </MonitoredQuantities>
     <Contingency name="" status="Security Limit"> 
     </Contingency>
   </Point>

   <Point no="15" X="2349.4" D="125.2">
     <Contingency name="Pre-contg" status="Insecure"> 
          <Violation type="Collapse"></Violation>
     </Contingency>
   </Point>

</TransferPoints>
</Transfer>
</DSAToolsLMT>
