<?xml version="1.0" encoding="UTF-8" ?>

<DSAToolsLMT programtype="VSAT" version="15.0" timestamp="10-MAR-17 00:07:26">

<Transfer name="ZONE3">

<TransferSources count="2">

    <Source id="X" name="SIGENS">
        <Initial>1546.4</Initial>
        <Max>    2546.4</Max>
        <Min>    1546.4</Min>
    </Source>

  <Source id="D" name="ZONE3">
      <Initial>670.1</Initial>
      <Max>1670.1</Max>
      <Min>670.1</Min>
  </Source>

</TransferSources>

<ViolationTypeList>
   <ViolationElement type="Overload"/>
   <ViolationElement type="VS Margin"/>
</ViolationTypeList>

<ContingencyList count="21">
   <ContingencyElement name="ASB_BRY1"/>
   <ContingencyElement name="ASB_ISL1"/>
   <ContingencyElement name="ASB_TWZ1"/>
   <ContingencyElement name="ASB_TWZ2"/>
   <ContingencyElement name="BRY_ISL"/>
   <ContingencyElement name="ISL_KIK1"/>
   <ContingencyElement name="ISL_KIK2"/>
   <ContingencyElement name="ISL_KIK3"/>
   <ContingencyElement name="ISL_LIV"/>
   <ContingencyElement name="ISL_SVC3"/>
   <ContingencyElement name="ISL_SVC9"/>
   <ContingencyElement name="ISL_T3"/>
   <ContingencyElement name="ISL_T6"/>
   <ContingencyElement name="ISL_T7"/>
   <ContingencyElement name="ISL_TKB"/>
   <ContingencyElement name="KIKSTC2A"/>
   <ContingencyElement name="KIKSTC2B"/>
   <ContingencyElement name="KIK_T1"/>
   <ContingencyElement name="KIK_T2"/>
   <ContingencyElement name="STK_T7"/>
   <ContingencyElement name="TKB_TWZ"/>
</ContingencyList>

<TransferPoints>

   <Point no="1" X="1546.4" D="670.1">
     <MonitoredQuantities>
       <MonitoredDataGroup name="Monitored Voltages (kV)" unit="kV"  type="Bus">
           <MonitoredData name="BLN      33   43">32.3484</MonitoredData>
           <MonitoredData name="CUL      66   11">68.7353</MonitoredData>
           <MonitoredData name="ISL      220  52">223.6080</MonitoredData>
       </MonitoredDataGroup>
     </MonitoredQuantities>
     <Contingency name="" status="Secure Base Case"> 
     </Contingency>
   </Point>

   <Point no="54" X="2061.4" D="1185.1">
     <MonitoredQuantities>
       <MonitoredDataGroup name="Monitored Voltages (kV)" unit="kV"  type="Bus">
           <MonitoredData name="BLN      33   43">31.9174</MonitoredData>
           <MonitoredData name="CUL      66   11">68.7699</MonitoredData>
           <MonitoredData name="ISL      220  52">222.3094</MonitoredData>
       </MonitoredDataGroup>
     </MonitoredQuantities>
     <Contingency name="" status="Security Limit"> 
     </Contingency>
   </Point>

   <Point no="55" X="2066.4" D="1190.1">
     <MonitoredQuantities>
       <MonitoredDataGroup name="Monitored Voltages (kV)" unit="kV"  type="Bus">
           <MonitoredData name="BLN      33   43">31.9225</MonitoredData>
           <MonitoredData name="CUL      66   11">68.7481</MonitoredData>
           <MonitoredData name="ISL      220  52">222.1823</MonitoredData>
       </MonitoredDataGroup>
     </MonitoredQuantities>
     <Contingency name="ASB_TWZ1" status="Insecure"> 
          <Violation type="VS Margin"></Violation>
     </Contingency>
   </Point>

</TransferPoints>
</Transfer>
</DSAToolsLMT>
