<?xml version="1.0" encoding="UTF-8" ?>

<TransferFile programtype = "VSAT" version = "15.0" date = "10-MAR-17" time = "00:07" nameoption = "eqname">

<Transfer name = "GOSZONE9">

<TransferSources count = "2">

<Source1 id = "X" name = "SIGENS">
<Initial>         1546.4</Initial>
<Max>             2546.4</Max>
<Min>             1546.4</Min>
</Source1>

<Source2 id = "D" name = "GOSZONE9">
<Initial>          136.5</Initial>
<Max>             1136.5</Max>
<Min>              136.5</Min>
</Source2>

</TransferSources>

<TransferPoints>

<Point no = "24" X = "1751.4" D = "341.5">
<Contingency name = "" violation = "Security Limit"/> 
</Point>

<Point no = "26" X = "1752.4" D = "342.5">
<Contingency name = "KIK_T2" violation = "VS Margin Violation"/> 
</Point>

</TransferPoints>

<MonitoredQuantities>

<MonitoredQuantityValues>
<Value id = "1" name = "Initial" point = "1" />
<Value id = "2" name = "Pre Contingency Limit" point = "24" />
<Value id = "3" name = "Insecure" point = "26" />
<Value id = "4" name = "Post Contingency Limit" point = "24" />
</MonitoredQuantityValues>

<MonitoredDataGroup name = "Monitored Voltages (kV)" unit = "kV" type = "Bus">

<MonitoredData eqname = "BLN      110  19">
<Value1>110.4</Value1>
<Value2>106.1</Value2>
<Value3>106.1</Value3>
<Value4>96.7</Value4>
</MonitoredData>

<MonitoredData eqname = "BLN      33   43">
<Value1>32.3</Value1>
<Value2>30.7</Value2>
<Value3>30.6</Value3>
<Value4>27.8</Value4>
</MonitoredData>

<MonitoredData eqname = "STK      220  8">
<Value1>223.8</Value1>
<Value2>218.7</Value2>
<Value3>218.7</Value3>
<Value4>204.5</Value4>
</MonitoredData>

</MonitoredDataGroup>

<MonitoredDataGroup name = "Monitored Interface MW Flow" unit = "MW" type = "Interface">

<MonitoredData name = "INTO_GZ9">
<Value1>103.5</Value1>
<Value2>312.2</Value2>
<Value3>313.2</Value3>
<Value4>304.9</Value4>
</MonitoredData>

</MonitoredDataGroup>

</MonitoredQuantities>

</Transfer>

</TransferFile>
