<?xml version="1.0" encoding="UTF-8" ?>

<DSAToolsLMT programtype="VSAT" version="15.0" timestamp="10-MAR-17 00:07:26">

<Transfer name="GZ678">

<TransferSources count="2">

    <Source id="X" name="NIGENS*">
        <Initial>1404.7</Initial>
        <Max>    2907.0</Max>
        <Min>    1404.7</Min>
    </Source>

  <Source id="D" name="GZ678">
      <Initial>488.2</Initial>
      <Max>2288.2</Max>
      <Min>488.2</Min>
  </Source>

</TransferSources>

<ViolationTypeList>
   <ViolationElement type="Overload"/>
   <ViolationElement type="VS Margin"/>
</ViolationTypeList>

<ContingencyList count="31">
   <ContingencyElement name="BEN_P2"/>
   <ContingencyElement name="BEN_P3"/>
   <ContingencyElement name="BPE_BRK1"/>
   <ContingencyElement name="BPE_HAY1"/>
   <ContingencyElement name="BPE_HAY2"/>
   <ContingencyElement name="BPE_LTN1"/>
   <ContingencyElement name="BPE_T1"/>
   <ContingencyElement name="BPE_T2"/>
   <ContingencyElement name="BPE_T3"/>
   <ContingencyElement name="BPE_TKU1"/>
   <ContingencyElement name="BPE_TKU2"/>
   <ContingencyElement name="BPE_TNG1"/>
   <ContingencyElement name="BPE_WIL1"/>
   <ContingencyElement name="BRK_SFD1"/>
   <ContingencyElement name="BRK_SFD3"/>
   <ContingencyElement name="HAY_LTN1"/>
   <ContingencyElement name="HAY_T1"/>
   <ContingencyElement name="HAY_T2"/>
   <ContingencyElement name="HAY_T5"/>
   <ContingencyElement name="HAY_TKR1"/>
   <ContingencyElement name="HAY_TKR2"/>
   <ContingencyElement name="HAY_WIL1"/>
   <ContingencyElement name="HLY_SFD"/>
   <ContingencyElement name="HLY_TWH1"/>
   <ContingencyElement name="MGM_WDV1"/>
   <ContingencyElement name="RPO_TNG1"/>
   <ContingencyElement name="SPLGEN"/>
   <ContingencyElement name="TKR_WIL1"/>
   <ContingencyElement name="TKR_WIL2"/>
   <ContingencyElement name="TMN_TWH1"/>
   <ContingencyElement name="WIL_T8"/>
</ContingencyList>

<TransferPoints>

   <Point no="1" X="1404.7" D="488.2">
     <MonitoredQuantities>
       <MonitoredDataGroup name="Monitored Voltages (kV)" unit="kV"  type="Bus">
           <MonitoredData name="HAY      220  54">221.1880</MonitoredData>
           <MonitoredData name="BPE      220  46">225.0296</MonitoredData>
           <MonitoredData name="HAY      110  73">113.5090</MonitoredData>
           <MonitoredData name="MST      110  8">112.5999</MonitoredData>
           <MonitoredData name="CPK      110  9">111.7845</MonitoredData>
           <MonitoredData name="CPK      110  15">112.0817</MonitoredData>
           <MonitoredData name="CPK      110  7">112.0317</MonitoredData>
       </MonitoredDataGroup>
       <MonitoredDataGroup name="Monitored Interface MW Flow" unit="MW" type="Interface">
           <MonitoredData name="INTO_GZ8_5">125.3182</MonitoredData>
       </MonitoredDataGroup>
     </MonitoredQuantities>
     <Contingency name="" status="Secure Base Case"> 
     </Contingency>
   </Point>

   <Point no="62" X="2014.7" D="1098.2">
     <MonitoredQuantities>
       <MonitoredDataGroup name="Monitored Voltages (kV)" unit="kV"  type="Bus">
           <MonitoredData name="HAY      220  54">221.1880</MonitoredData>
           <MonitoredData name="BPE      220  46">221.5488</MonitoredData>
           <MonitoredData name="HAY      110  73">113.5090</MonitoredData>
           <MonitoredData name="MST      110  8">110.3979</MonitoredData>
           <MonitoredData name="CPK      110  9">111.5468</MonitoredData>
           <MonitoredData name="CPK      110  15">111.8450</MonitoredData>
           <MonitoredData name="CPK      110  7">111.6256</MonitoredData>
       </MonitoredDataGroup>
       <MonitoredDataGroup name="Monitored Interface MW Flow" unit="MW" type="Interface">
           <MonitoredData name="INTO_GZ8_5">422.6382</MonitoredData>
       </MonitoredDataGroup>
     </MonitoredQuantities>
     <Contingency name="" status="Security Limit"> 
     </Contingency>
   </Point>

   <Point no="64" X="2019.7" D="1103.2">
     <MonitoredQuantities>
       <MonitoredDataGroup name="Monitored Voltages (kV)" unit="kV"  type="Bus">
           <MonitoredData name="HAY      220  54">221.1880</MonitoredData>
           <MonitoredData name="BPE      220  46">221.4954</MonitoredData>
           <MonitoredData name="HAY      110  73">113.5090</MonitoredData>
           <MonitoredData name="MST      110  8">110.3772</MonitoredData>
           <MonitoredData name="CPK      110  9">111.5441</MonitoredData>
           <MonitoredData name="CPK      110  15">111.8423</MonitoredData>
           <MonitoredData name="CPK      110  7">111.6212</MonitoredData>
       </MonitoredDataGroup>
       <MonitoredDataGroup name="Monitored Interface MW Flow" unit="MW" type="Interface">
           <MonitoredData name="INTO_GZ8_5">424.7848</MonitoredData>
       </MonitoredDataGroup>
     </MonitoredQuantities>
     <Contingency name="Pre-contg" status="Insecure"> 
          <Violation type="VS Margin"></Violation>
     </Contingency>
   </Point>

</TransferPoints>
</Transfer>
</DSAToolsLMT>
