<?xml version="1.0" encoding="UTF-8" ?>

<TransferFile programtype = "VSAT" version = "15.0" date = "10-MAR-17" time = "00:07" nameoption = "eqname">

<Transfer name = "GOSZONE1">

<TransferSources count = "2">

<Source1 id = "X" name = "NIGENS#">
<Initial>          958.6</Initial>
<Max>             1958.6</Max>
<Min>              958.6</Min>
</Source1>

<Source2 id = "D" name = "GOSZON1">
<Initial>          330.8</Initial>
<Max>             2330.8</Max>
<Min>              330.8</Min>
</Source2>

</TransferSources>

<TransferPoints>

<Point no = "28" X = "1228.6" D = "600.8">
<Contingency name = "" violation = "Security Limit"/> 
</Point>

<Point no = "30" X = "1233.6" D = "605.8">
<Contingency name = "MDN_T6" violation = "VS Margin Violation"/> 
</Point>

</TransferPoints>

<MonitoredQuantities>

<MonitoredQuantityValues>
<Value id = "1" name = "Initial" point = "1" />
<Value id = "2" name = "Pre Contingency Limit" point = "28" />
<Value id = "3" name = "Insecure" point = "30" />
<Value id = "4" name = "Post Contingency Limit" point = "28" />
</MonitoredQuantityValues>

<MonitoredDataGroup name = "Monitored Voltages (pu)" unit = "pu" type = "Bus">

<MonitoredData eqname = "HEN      220  28">
<Value1>1.0119</Value1>
<Value2>1.0108</Value2>
<Value3>1.0108</Value3>
<Value4>1.0080</Value4>
</MonitoredData>

</MonitoredDataGroup>

<MonitoredDataGroup name = "Monitored Interface MW Flow" unit = "MW" type = "Interface">

<MonitoredData name = "INTO_GZ1">
<Value1>333.3</Value1>
<Value2>606.9</Value2>
<Value3>611.7</Value3>
<Value4>650.6</Value4>
</MonitoredData>

</MonitoredDataGroup>

</MonitoredQuantities>

</Transfer>

</TransferFile>
