<?xml version="1.0" encoding="UTF-8" ?>

<TransferFile programtype = "VSAT" version = "15.0" date = "10-MAR-17" time = "00:07" nameoption = "eqname">

<Transfer name = "VersionControl">

<TransferSources count = "2">

<Source1 id = "X" name = "SIGENS*">
<Initial>         2229.4</Initial>
<Max>             2729.4</Max>
<Min>             2229.4</Min>
</Source1>

<Source2 id = "D" name = "GZ14_TWI*">
<Initial>            5.2</Initial>
<Max>              505.2</Max>
<Min>                5.2</Min>
</Source2>

</TransferSources>

<TransferPoints>

<Point no = "14" X = "2344.4" D = "120.2">
<Contingency name = "" violation = "Security Limit"/> 
</Point>

<Point no = "15" X = "2349.4" D = "125.2">
<Contingency name = "Pre-contg" violation = "Voltage Collapse"/> 
</Point>

</TransferPoints>

<MonitoredQuantities>

<MonitoredQuantityValues>
<Value id = "1" name = "Initial" point = "1" />
<Value id = "2" name = "Pre Contingency Limit" point = "14" />
<Value id = "5" name = "Stability Limit" point = "14" />
</MonitoredQuantityValues>

<MonitoredDataGroup name = "Monitored Voltages (pu)" unit = "pu" type = "Bus">

<MonitoredData eqname = "MTI      11   70">
<Value1>1.0035</Value1>
<Value2>1.0035</Value2>
<Value5>1.0035</Value5>
</MonitoredData>

<MonitoredData eqname = "BEN      16   107">
<Value1>0.9911</Value1>
<Value2>0.9911</Value2>
<Value5>0.9911</Value5>
</MonitoredData>

</MonitoredDataGroup>

</MonitoredQuantities>

</Transfer>

</TransferFile>
