<?xml version="1.0" encoding="UTF-8" ?>

<DSAToolsLMT programtype="VSAT" version="15.0" timestamp="10-MAR-17 00:07:26">

<Transfer name="GZ14_TWI">

<TransferSources count="2">

    <Source id="X" name="SIGENS*">
        <Initial>1005.4</Initial>
        <Max>    2448.0</Max>
        <Min>    1005.4</Min>
    </Source>

  <Source id="D" name="GZ14_TWI">
      <Initial>205.3</Initial>
      <Max>1705.3</Max>
      <Min>205.3</Min>
  </Source>

</TransferSources>

<ViolationTypeList>
   <ViolationElement type="Overload"/>
   <ViolationElement type="VS Margin"/>
</ViolationTypeList>

<ContingencyList count="41">
   <ContingencyElement name="AVI_BEN1"/>
   <ContingencyElement name="AVI_BEN2"/>
   <ContingencyElement name="AVI_WTK"/>
   <ContingencyElement name="BAL_GOR"/>
   <ContingencyElement name="BAL_HWB"/>
   <ContingencyElement name="CYD_ROX1"/>
   <ContingencyElement name="CYD_ROX2"/>
   <ContingencyElement name="CYD_TWZ1"/>
   <ContingencyElement name="CYD_TWZ2"/>
   <ContingencyElement name="EDN_INV"/>
   <ContingencyElement name="GOR_ROX1"/>
   <ContingencyElement name="HWBTMH1*"/>
   <ContingencyElement name="HWB_ROX1"/>
   <ContingencyElement name="HWB_ROX2"/>
   <ContingencyElement name="HWB_SDN"/>
   <ContingencyElement name="INV_MAN"/>
   <ContingencyElement name="INV_NMA"/>
   <ContingencyElement name="INV_ROX1"/>
   <ContingencyElement name="INV_ROX2"/>
   <ContingencyElement name="INV_TWI1"/>
   <ContingencyElement name="ISL_LIV"/>
   <ContingencyElement name="LIV_NSY"/>
   <ContingencyElement name="LIV_WTK"/>
   <ContingencyElement name="MAN_NMA1"/>
   <ContingencyElement name="MAN_NMA2"/>
   <ContingencyElement name="MAN_NMA3"/>
   <ContingencyElement name="MAN_U1"/>
   <ContingencyElement name="MAN_U2"/>
   <ContingencyElement name="MAN_U3"/>
   <ContingencyElement name="MAN_U4"/>
   <ContingencyElement name="MAN_U5"/>
   <ContingencyElement name="MAN_U6"/>
   <ContingencyElement name="MAN_U7"/>
   <ContingencyElement name="NMA_TMH1"/>
   <ContingencyElement name="NMA_TMH2"/>
   <ContingencyElement name="NMA_TWI1"/>
   <ContingencyElement name="NMA_TWI2"/>
   <ContingencyElement name="NSY_ROX"/>
   <ContingencyElement name="ROX_U6"/>
   <ContingencyElement name="ROX_U7"/>
   <ContingencyElement name="ROX_U8"/>
</ContingencyList>

<TransferPoints>

   <Point no="1" X="1005.4" D="205.3">
     <MonitoredQuantities>
       <MonitoredDataGroup name="Monitored Voltages (pu)" unit="pu"  type="Bus">
           <MonitoredData name="EDN      33   35">0.9893</MonitoredData>
           <MonitoredData name="BAL      110  9">1.0114</MonitoredData>
           <MonitoredData name="HWB      33   92">1.0191</MonitoredData>
           <MonitoredData name="HWB      33   98">0.9931</MonitoredData>
       </MonitoredDataGroup>
       <MonitoredDataGroup name="Monitored Interface MW Flow" unit="MW" type="Interface">
           <MonitoredData name="INTO_GZ14">391.3660</MonitoredData>
       </MonitoredDataGroup>
     </MonitoredQuantities>
     <Contingency name="" status="Secure Base Case"> 
     </Contingency>
   </Point>

   <Point no="19" X="1185.4" D="385.3">
     <MonitoredQuantities>
       <MonitoredDataGroup name="Monitored Voltages (pu)" unit="pu"  type="Bus">
           <MonitoredData name="EDN      33   35">0.9350</MonitoredData>
           <MonitoredData name="BAL      110  9">0.9751</MonitoredData>
           <MonitoredData name="HWB      33   92">1.0250</MonitoredData>
           <MonitoredData name="HWB      33   98">0.9927</MonitoredData>
       </MonitoredDataGroup>
       <MonitoredDataGroup name="Monitored Interface MW Flow" unit="MW" type="Interface">
           <MonitoredData name="INTO_GZ14">459.9953</MonitoredData>
       </MonitoredDataGroup>
     </MonitoredQuantities>
     <Contingency name="" status="Security Limit"> 
     </Contingency>
   </Point>

   <Point no="21" X="1190.4" D="390.3">
     <MonitoredQuantities>
       <MonitoredDataGroup name="Monitored Voltages (pu)" unit="pu"  type="Bus">
           <MonitoredData name="EDN      33   35">0.9332</MonitoredData>
           <MonitoredData name="BAL      110  9">0.9739</MonitoredData>
           <MonitoredData name="HWB      33   92">1.0255</MonitoredData>
           <MonitoredData name="HWB      33   98">0.9927</MonitoredData>
       </MonitoredDataGroup>
       <MonitoredDataGroup name="Monitored Interface MW Flow" unit="MW" type="Interface">
           <MonitoredData name="INTO_GZ14">461.9388</MonitoredData>
       </MonitoredDataGroup>
     </MonitoredQuantities>
     <Contingency name="BAL_HWB" status="Insecure"> 
          <Violation type="VS Margin"></Violation>
     </Contingency>
   </Point>

</TransferPoints>
</Transfer>
</DSAToolsLMT>
