<?xml version="1.0" encoding="UTF-8" ?>

<TransferFile programtype = "VSAT" version = "15.0" date = "10-MAR-17" time = "00:07" nameoption = "eqname">

<Transfer name = "GOSZONE5">

<TransferSources count = "2">

<Source1 id = "X" name = "GEN5">
<Initial>         2046.0</Initial>
<Max>             3046.0</Max>
<Min>             2046.0</Min>
</Source1>

<Source2 id = "D" name = "GOSZONE5">
<Initial>          183.9</Initial>
<Max>             1183.9</Max>
<Min>              183.9</Min>
</Source2>

</TransferSources>

<TransferPoints>

<Point no = "26" X = "2281.0" D = "418.9">
<Contingency name = "" violation = "Security Limit"/> 
</Point>

<Point no = "27" X = "2286.0" D = "423.9">
<Contingency name = "WHI_WRK1" violation = "VS Margin Violation"/> 
</Point>

</TransferPoints>

<MonitoredQuantities>

<MonitoredQuantityValues>
<Value id = "1" name = "Initial" point = "1" />
<Value id = "2" name = "Pre Contingency Limit" point = "26" />
<Value id = "3" name = "Insecure" point = "27" />
<Value id = "4" name = "Post Contingency Limit" point = "26" />
</MonitoredQuantityValues>

<MonitoredDataGroup name = "Monitored Voltages (kV)" unit = "kV" type = "Bus">

<MonitoredData eqname = "TUI      110  28">
<Value1>112.1</Value1>
<Value2>112.1</Value2>
<Value3>112.1</Value3>
<Value4>104.9</Value4>
</MonitoredData>

</MonitoredDataGroup>

<MonitoredDataGroup name = "Monitored Interface MW Flow" unit = "MW" type = "Interface">

<MonitoredData name = "INTO_GZ5">
<Value1>170.5</Value1>
<Value2>415.2</Value2>
<Value3>421.1</Value3>
<Value4>431.7</Value4>
</MonitoredData>

</MonitoredDataGroup>

</MonitoredQuantities>

</Transfer>

</TransferFile>
