<?xml version="1.0" encoding="UTF-8" ?>

<TransferFile programtype = "VSAT" version = "15.0" date = "10-MAR-17" time = "00:07" nameoption = "eqname">

<Transfer name = "GZ14_TWI">

<TransferSources count = "2">

<Source1 id = "X" name = "SIGENS*">
<Initial>         1005.4</Initial>
<Max>             2448.0</Max>
<Min>             1005.4</Min>
</Source1>

<Source2 id = "D" name = "GZ14_TWI">
<Initial>          205.3</Initial>
<Max>             1705.3</Max>
<Min>              205.3</Min>
</Source2>

</TransferSources>

<TransferPoints>

<Point no = "19" X = "1185.4" D = "385.3">
<Contingency name = "" violation = "Security Limit"/> 
</Point>

<Point no = "21" X = "1190.4" D = "390.3">
<Contingency name = "BAL_HWB" violation = "VS Margin Violation"/> 
</Point>

</TransferPoints>

<MonitoredQuantities>

<MonitoredQuantityValues>
<Value id = "1" name = "Initial" point = "1" />
<Value id = "2" name = "Pre Contingency Limit" point = "19" />
<Value id = "3" name = "Insecure" point = "21" />
<Value id = "4" name = "Post Contingency Limit" point = "19" />
</MonitoredQuantityValues>

<MonitoredDataGroup name = "Monitored Voltages (pu)" unit = "pu" type = "Bus">

<MonitoredData eqname = "EDN      33   35">
<Value1>0.9893</Value1>
<Value2>0.9350</Value2>
<Value3>0.9333</Value3>
<Value4>0.8658</Value4>
</MonitoredData>

<MonitoredData eqname = "BAL      110  9">
<Value1>1.0114</Value1>
<Value2>0.9751</Value2>
<Value3>0.9739</Value3>
<Value4>0.7389</Value4>
</MonitoredData>

<MonitoredData eqname = "HWB      33   92">
<Value1>1.0191</Value1>
<Value2>1.0250</Value2>
<Value3>1.0255</Value3>
<Value4>1.0237</Value4>
</MonitoredData>

<MonitoredData eqname = "HWB      33   98">
<Value1>0.9931</Value1>
<Value2>0.9927</Value2>
<Value3>0.9927</Value3>
<Value4>0.9901</Value4>
</MonitoredData>

</MonitoredDataGroup>

<MonitoredDataGroup name = "Monitored Interface MW Flow" unit = "MW" type = "Interface">

<MonitoredData name = "INTO_GZ14">
<Value1>391.4</Value1>
<Value2>460.0</Value2>
<Value3>461.9</Value3>
<Value4>463.3</Value4>
</MonitoredData>

</MonitoredDataGroup>

</MonitoredQuantities>

</Transfer>

</TransferFile>
