<?xml version="1.0" encoding="UTF-8" ?>

<TransferFile programtype = "VSAT" version = "15.0" date = "10-MAR-17" time = "00:07" nameoption = "eqname">

<Transfer name = "ZONE3">

<TransferSources count = "2">

<Source1 id = "X" name = "SIGENS">
<Initial>         1546.4</Initial>
<Max>             2546.4</Max>
<Min>             1546.4</Min>
</Source1>

<Source2 id = "D" name = "ZONE3">
<Initial>          670.1</Initial>
<Max>             1670.1</Max>
<Min>              670.1</Min>
</Source2>

</TransferSources>

<TransferPoints>

<Point no = "54" X = "2061.4" D = "1185.1">
<Contingency name = "" violation = "Security Limit"/> 
</Point>

<Point no = "55" X = "2066.4" D = "1190.1">
<Contingency name = "ASB_TWZ1" violation = "VS Margin Violation"/> 
</Point>

</TransferPoints>

<MonitoredQuantities>

<MonitoredQuantityValues>
<Value id = "1" name = "Initial" point = "1" />
<Value id = "2" name = "Pre Contingency Limit" point = "54" />
<Value id = "3" name = "Insecure" point = "55" />
<Value id = "4" name = "Post Contingency Limit" point = "54" />
</MonitoredQuantityValues>

<MonitoredDataGroup name = "Monitored Voltages (kV)" unit = "kV" type = "Bus">

<MonitoredData eqname = "BLN      33   43">
<Value1>32.3</Value1>
<Value2>31.9</Value2>
<Value3>31.9</Value3>
<Value4>31.8</Value4>
</MonitoredData>

<MonitoredData eqname = "CUL      66   11">
<Value1>68.7</Value1>
<Value2>68.8</Value2>
<Value3>68.7</Value3>
<Value4>67.4</Value4>
</MonitoredData>

<MonitoredData eqname = "ISL      220  52">
<Value1>223.6</Value1>
<Value2>222.3</Value2>
<Value3>222.2</Value3>
<Value4>216.3</Value4>
</MonitoredData>

</MonitoredDataGroup>

</MonitoredQuantities>

</Transfer>

</TransferFile>
