<?xml version="1.0" encoding="UTF-8" ?>

<TransferFile programtype = "VSAT" version = "15.0" date = "10-MAR-17" time = "00:07" nameoption = "eqname">

<Transfer name = "GZ678">

<TransferSources count = "2">

<Source1 id = "X" name = "NIGENS*">
<Initial>         1404.7</Initial>
<Max>             2907.0</Max>
<Min>             1404.7</Min>
</Source1>

<Source2 id = "D" name = "GZ678">
<Initial>          488.2</Initial>
<Max>             2288.2</Max>
<Min>              488.2</Min>
</Source2>

</TransferSources>

<TransferPoints>

<Point no = "62" X = "2014.7" D = "1098.2">
<Contingency name = "" violation = "Security Limit"/> 
</Point>

<Point no = "64" X = "2019.7" D = "1103.2">
<Contingency name = "Pre-contg" violation = "VS Margin Violation"/> 
</Point>

</TransferPoints>

<MonitoredQuantities>

<MonitoredQuantityValues>
<Value id = "1" name = "Initial" point = "1" />
<Value id = "2" name = "Pre Contingency Limit" point = "62" />
<Value id = "3" name = "Insecure" point = "64" />
</MonitoredQuantityValues>

<MonitoredDataGroup name = "Monitored Voltages (kV)" unit = "kV" type = "Bus">

<MonitoredData eqname = "HAY      220  54">
<Value1>221.2</Value1>
<Value2>221.2</Value2>
<Value3>221.2</Value3>
</MonitoredData>

<MonitoredData eqname = "BPE      220  46">
<Value1>225.0</Value1>
<Value2>221.5</Value2>
<Value3>221.5</Value3>
</MonitoredData>

<MonitoredData eqname = "HAY      110  73">
<Value1>113.5</Value1>
<Value2>113.5</Value2>
<Value3>113.5</Value3>
</MonitoredData>

<MonitoredData eqname = "MST      110  8">
<Value1>112.6</Value1>
<Value2>110.4</Value2>
<Value3>110.4</Value3>
</MonitoredData>

<MonitoredData eqname = "CPK      110  9">
<Value1>111.8</Value1>
<Value2>111.5</Value2>
<Value3>111.5</Value3>
</MonitoredData>

<MonitoredData eqname = "CPK      110  15">
<Value1>112.1</Value1>
<Value2>111.8</Value2>
<Value3>111.8</Value3>
</MonitoredData>

<MonitoredData eqname = "CPK      110  7">
<Value1>112.0</Value1>
<Value2>111.6</Value2>
<Value3>111.6</Value3>
</MonitoredData>

</MonitoredDataGroup>

<MonitoredDataGroup name = "Monitored Interface MW Flow" unit = "MW" type = "Interface">

<MonitoredData name = "INTO_GZ8_5">
<Value1>125.3</Value1>
<Value2>422.6</Value2>
<Value3>424.8</Value3>
</MonitoredData>

</MonitoredDataGroup>

</MonitoredQuantities>

</Transfer>

</TransferFile>
