<?xml version="1.0" encoding="UTF-8" ?>

<TransferFile programtype = "VSAT" version = "15.0" date = "10-MAR-17" time = "00:07" nameoption = "eqname">

<Transfer name = "ZONE1">

<TransferSources count = "2">

<Source1 id = "X" name = "NIGENS">
<Initial>          958.6</Initial>
<Max>             2958.6</Max>
<Min>              958.6</Min>
</Source1>

<Source2 id = "D" name = "ZONE1">
<Initial>          965.8</Initial>
<Max>             2965.8</Max>
<Min>              965.8</Min>
</Source2>

</TransferSources>

<TransferPoints>

<Point no = "74" X = "1688.6" D = "1695.8">
<Contingency name = "" violation = "Security Limit"/> 
</Point>

<Point no = "76" X = "1693.6" D = "1700.8">
<Contingency name = "MDN_T6" violation = "VS Margin Violation"/> 
</Point>

</TransferPoints>

<MonitoredQuantities>

<MonitoredQuantityValues>
<Value id = "1" name = "Initial" point = "1" />
<Value id = "2" name = "Pre Contingency Limit" point = "74" />
<Value id = "3" name = "Insecure" point = "76" />
<Value id = "4" name = "Post Contingency Limit" point = "74" />
</MonitoredQuantityValues>

<MonitoredDataGroup name = "Monitored Voltages (pu)" unit = "pu" type = "Bus">

<MonitoredData eqname = "OTA      220  153">
<Value1>1.0115</Value1>
<Value2>1.0015</Value2>
<Value3>1.0013</Value3>
<Value4>0.9930</Value4>
</MonitoredData>

<MonitoredData eqname = "OTA      220  56">
<Value1>1.0116</Value1>
<Value2>1.0016</Value2>
<Value3>1.0014</Value3>
<Value4>0.9931</Value4>
</MonitoredData>

<MonitoredData eqname = "OTA      220  410">
<Value1>1.0115</Value1>
<Value2>1.0016</Value2>
<Value3>1.0014</Value3>
<Value4>0.9931</Value4>
</MonitoredData>

</MonitoredDataGroup>

<MonitoredDataGroup name = "Monitored Interface MW Flow" unit = "MW" type = "Interface">

<MonitoredData name = "INTO_Z1">
<Value1>607.2</Value1>
<Value2>1382.6</Value2>
<Value3>1388.1</Value3>
<Value4>1426.2</Value4>
</MonitoredData>

</MonitoredDataGroup>

</MonitoredQuantities>

</Transfer>

</TransferFile>
