<?xml version="1.0" encoding="UTF-8" ?>

<DSAToolsLMT programtype="VSAT" version="15.0" timestamp="10-MAR-17 00:07:26">

<Transfer name="GOSZONE9">

<TransferSources count="2">

    <Source id="X" name="SIGENS">
        <Initial>1546.4</Initial>
        <Max>    2546.4</Max>
        <Min>    1546.4</Min>
    </Source>

  <Source id="D" name="GOSZONE9">
      <Initial>136.5</Initial>
      <Max>1136.5</Max>
      <Min>136.5</Min>
  </Source>

</TransferSources>

<ViolationTypeList>
   <ViolationElement type="Overload"/>
   <ViolationElement type="VS Margin"/>
</ViolationTypeList>

<ContingencyList count="20">
   <ContingencyElement name="ATU_DOB1"/>
   <ContingencyElement name="ATU_IGH1"/>
   <ContingencyElement name="BLN_KIK"/>
   <ContingencyElement name="BLN_STK1"/>
   <ContingencyElement name="BLN_STK2"/>
   <ContingencyElement name="DOB_IGH2"/>
   <ContingencyElement name="GYM_KUM"/>
   <ContingencyElement name="ISL_KIK1"/>
   <ContingencyElement name="ISL_KIK2"/>
   <ContingencyElement name="ISL_KIK3"/>
   <ContingencyElement name="ISL_SVC3"/>
   <ContingencyElement name="ISL_SVC9"/>
   <ContingencyElement name="KIKSTC2A"/>
   <ContingencyElement name="KIKSTC2B"/>
   <ContingencyElement name="KIK_STK1"/>
   <ContingencyElement name="KIK_STK2"/>
   <ContingencyElement name="KIK_STK3"/>
   <ContingencyElement name="KIK_T1"/>
   <ContingencyElement name="KIK_T2"/>
   <ContingencyElement name="STK_T7"/>
</ContingencyList>

<TransferPoints>

   <Point no="1" X="1546.4" D="136.5">
     <MonitoredQuantities>
       <MonitoredDataGroup name="Monitored Voltages (kV)" unit="kV"  type="Bus">
           <MonitoredData name="BLN      110  19">110.4498</MonitoredData>
           <MonitoredData name="BLN      33   43">32.3484</MonitoredData>
           <MonitoredData name="STK      220  8">223.7896</MonitoredData>
       </MonitoredDataGroup>
       <MonitoredDataGroup name="Monitored Interface MW Flow" unit="MW" type="Interface">
           <MonitoredData name="INTO_GZ9">103.5215</MonitoredData>
       </MonitoredDataGroup>
     </MonitoredQuantities>
     <Contingency name="" status="Secure Base Case"> 
     </Contingency>
   </Point>

   <Point no="24" X="1751.4" D="341.5">
     <MonitoredQuantities>
       <MonitoredDataGroup name="Monitored Voltages (kV)" unit="kV"  type="Bus">
           <MonitoredData name="BLN      110  19">106.0964</MonitoredData>
           <MonitoredData name="BLN      33   43">30.6569</MonitoredData>
           <MonitoredData name="STK      220  8">218.7354</MonitoredData>
       </MonitoredDataGroup>
       <MonitoredDataGroup name="Monitored Interface MW Flow" unit="MW" type="Interface">
           <MonitoredData name="INTO_GZ9">312.1987</MonitoredData>
       </MonitoredDataGroup>
     </MonitoredQuantities>
     <Contingency name="" status="Security Limit"> 
     </Contingency>
   </Point>

   <Point no="26" X="1752.4" D="342.5">
     <MonitoredQuantities>
       <MonitoredDataGroup name="Monitored Voltages (kV)" unit="kV"  type="Bus">
           <MonitoredData name="BLN      110  19">106.0506</MonitoredData>
           <MonitoredData name="BLN      33   43">30.6410</MonitoredData>
           <MonitoredData name="STK      220  8">218.6558</MonitoredData>
       </MonitoredDataGroup>
       <MonitoredDataGroup name="Monitored Interface MW Flow" unit="MW" type="Interface">
           <MonitoredData name="INTO_GZ9">313.1796</MonitoredData>
       </MonitoredDataGroup>
     </MonitoredQuantities>
     <Contingency name="KIK_T2" status="Insecure"> 
          <Violation type="VS Margin"></Violation>
     </Contingency>
   </Point>

</TransferPoints>
</Transfer>
</DSAToolsLMT>
