<?xml version="1.0" encoding="UTF-8" ?>

<DSAToolsLMT programtype="VSAT" version="15.0" timestamp="10-MAR-17 00:07:28">

<Transfer name="GOSZONE5">

<TransferSources count="2">

    <Source id="X" name="GEN5">
        <Initial>2046.0</Initial>
        <Max>    3046.0</Max>
        <Min>    2046.0</Min>
    </Source>

  <Source id="D" name="GOSZONE5">
      <Initial>183.9</Initial>
      <Max>1183.9</Max>
      <Min>183.9</Min>
  </Source>

</TransferSources>

<ViolationTypeList>
   <ViolationElement type="Overload"/>
   <ViolationElement type="VS Margin"/>
</ViolationTypeList>

<ContingencyList count="13">
   <ContingencyElement name="FHL_RDF1"/>
   <ContingencyElement name="FHL_RDF2"/>
   <ContingencyElement name="FHL_TUI1"/>
   <ContingencyElement name="OHK_WRK"/>
   <ContingencyElement name="PPI_THI1"/>
   <ContingencyElement name="RDF_T3"/>
   <ContingencyElement name="RDF_T4"/>
   <ContingencyElement name="RDF_WHI1"/>
   <ContingencyElement name="RDF_WRK"/>
   <ContingencyElement name="RPO_WRK1"/>
   <ContingencyElement name="THI_WKM1"/>
   <ContingencyElement name="THI_WRK1"/>
   <ContingencyElement name="WHI_WRK1"/>
</ContingencyList>

<TransferPoints>

   <Point no="1" X="2046.0" D="183.9">
     <MonitoredQuantities>
       <MonitoredDataGroup name="Monitored Voltages (kV)" unit="kV"  type="Bus">
           <MonitoredData name="TUI      110  28">112.0790</MonitoredData>
       </MonitoredDataGroup>
       <MonitoredDataGroup name="Monitored Interface MW Flow" unit="MW" type="Interface">
           <MonitoredData name="INTO_GZ5">170.4635</MonitoredData>
       </MonitoredDataGroup>
     </MonitoredQuantities>
     <Contingency name="" status="Secure Base Case"> 
     </Contingency>
   </Point>

   <Point no="26" X="2281.0" D="418.9">
     <MonitoredQuantities>
       <MonitoredDataGroup name="Monitored Voltages (kV)" unit="kV"  type="Bus">
           <MonitoredData name="TUI      110  28">112.0790</MonitoredData>
       </MonitoredDataGroup>
       <MonitoredDataGroup name="Monitored Interface MW Flow" unit="MW" type="Interface">
           <MonitoredData name="INTO_GZ5">415.1952</MonitoredData>
       </MonitoredDataGroup>
     </MonitoredQuantities>
     <Contingency name="" status="Security Limit"> 
     </Contingency>
   </Point>

   <Point no="27" X="2286.0" D="423.9">
     <MonitoredQuantities>
       <MonitoredDataGroup name="Monitored Voltages (kV)" unit="kV"  type="Bus">
           <MonitoredData name="TUI      110  28">112.0790</MonitoredData>
       </MonitoredDataGroup>
       <MonitoredDataGroup name="Monitored Interface MW Flow" unit="MW" type="Interface">
           <MonitoredData name="INTO_GZ5">421.0649</MonitoredData>
       </MonitoredDataGroup>
     </MonitoredQuantities>
     <Contingency name="WHI_WRK1" status="Insecure"> 
          <Violation type="VS Margin"></Violation>
     </Contingency>
   </Point>

</TransferPoints>
</Transfer>
</DSAToolsLMT>
