<?xml version="1.0" encoding="UTF-8" ?>

<DSAToolsLMT programtype="VSAT" version="15.0" timestamp="10-MAR-17 00:07:29">

<Transfer name="GZ12_HOR">

<TransferSources count="2">

    <Source id="X" name="SIGENS">
        <Initial>1546.4</Initial>
        <Max>    2546.4</Max>
        <Min>    1546.4</Min>
    </Source>

  <Source id="D" name="GZ12_HOR">
      <Initial>18.2</Initial>
      <Max>118.2</Max>
      <Min>18.2</Min>
  </Source>

</TransferSources>

<ViolationTypeList>
   <ViolationElement type="Overload"/>
   <ViolationElement type="VS Margin"/>
</ViolationTypeList>

<ContingencyList count="13">
   <ContingencyElement name="ATU_DOB1"/>
   <ContingencyElement name="ATU_IGH1"/>
   <ContingencyElement name="COL_HOR2"/>
   <ContingencyElement name="COL_HOR3"/>
   <ContingencyElement name="COL_OTI1"/>
   <ContingencyElement name="COL_OTI2"/>
   <ContingencyElement name="DOB_GYM"/>
   <ContingencyElement name="DOB_IGH2"/>
   <ContingencyElement name="HKK_KUM1"/>
   <ContingencyElement name="HKK_OTI2"/>
   <ContingencyElement name="HOR_ISL1"/>
   <ContingencyElement name="HOR_ISL2"/>
   <ContingencyElement name="KUM_OTI"/>
</ContingencyList>

<TransferPoints>

   <Point no="1" X="1546.4" D="18.2">
     <MonitoredQuantities>
       <MonitoredDataGroup name="Monitored Voltages (pu)" unit="pu"  type="Bus">
           <MonitoredData name="GYM      66   22">1.0229</MonitoredData>
           <MonitoredData name="OTI      66   6">1.0196</MonitoredData>
       </MonitoredDataGroup>
       <MonitoredDataGroup name="Monitored Interface MW Flow" unit="MW" type="Interface">
           <MonitoredData name="INTO_WC">-10.9455</MonitoredData>
       </MonitoredDataGroup>
     </MonitoredQuantities>
     <Contingency name="" status="Secure Base Case"> 
     </Contingency>
   </Point>

   <Point no="7" X="1563.4" D="35.2">
     <MonitoredQuantities>
       <MonitoredDataGroup name="Monitored Voltages (pu)" unit="pu"  type="Bus">
           <MonitoredData name="GYM      66   22">1.0118</MonitoredData>
           <MonitoredData name="OTI      66   6">1.0060</MonitoredData>
       </MonitoredDataGroup>
       <MonitoredDataGroup name="Monitored Interface MW Flow" unit="MW" type="Interface">
           <MonitoredData name="INTO_WC">7.1242</MonitoredData>
       </MonitoredDataGroup>
     </MonitoredQuantities>
     <Contingency name="" status="Security Limit"> 
     </Contingency>
   </Point>

   <Point no="8" X="1564.4" D="36.2">
     <MonitoredQuantities>
       <MonitoredDataGroup name="Monitored Voltages (pu)" unit="pu"  type="Bus">
           <MonitoredData name="GYM      66   22">1.0104</MonitoredData>
           <MonitoredData name="OTI      66   6">1.0043</MonitoredData>
       </MonitoredDataGroup>
       <MonitoredDataGroup name="Monitored Interface MW Flow" unit="MW" type="Interface">
           <MonitoredData name="INTO_WC">8.2063</MonitoredData>
       </MonitoredDataGroup>
     </MonitoredQuantities>
     <Contingency name="DOB_GYM" status="Insecure"> 
          <Violation type="VS Margin"></Violation>
     </Contingency>
   </Point>

</TransferPoints>
</Transfer>
</DSAToolsLMT>
