<?xml version="1.0" encoding="UTF-8" ?>

<TransferFile programtype = "VSAT" version = "15.0" date = "10-MAR-17" time = "00:07" nameoption = "eqname">

<Transfer name = "GZ12_HOR">

<TransferSources count = "2">

<Source1 id = "X" name = "SIGENS">
<Initial>         1546.4</Initial>
<Max>             2546.4</Max>
<Min>             1546.4</Min>
</Source1>

<Source2 id = "D" name = "GZ12_HOR">
<Initial>           18.2</Initial>
<Max>              118.2</Max>
<Min>               18.2</Min>
</Source2>

</TransferSources>

<TransferPoints>

<Point no = "7" X = "1563.4" D = "35.2">
<Contingency name = "" violation = "Security Limit"/> 
</Point>

<Point no = "8" X = "1564.4" D = "36.2">
<Contingency name = "DOB_GYM" violation = "VS Margin Violation"/> 
</Point>

</TransferPoints>

<MonitoredQuantities>

<MonitoredQuantityValues>
<Value id = "1" name = "Initial" point = "1" />
<Value id = "2" name = "Pre Contingency Limit" point = "7" />
<Value id = "3" name = "Insecure" point = "8" />
<Value id = "4" name = "Post Contingency Limit" point = "6" />
<Value id = "5" name = "Stability Limit" point = "8" />
</MonitoredQuantityValues>

<MonitoredDataGroup name = "Monitored Voltages (pu)" unit = "pu" type = "Bus">

<MonitoredData eqname = "GYM      66   22">
<Value1>1.0229</Value1>
<Value2>1.0118</Value2>
<Value3>1.0104</Value3>
<Value4>0.8247</Value4>
<Value5>1.0104</Value5>
</MonitoredData>

<MonitoredData eqname = "OTI      66   6">
<Value1>1.0196</Value1>
<Value2>1.0060</Value2>
<Value3>1.0043</Value3>
<Value4>0.9139</Value4>
<Value5>1.0043</Value5>
</MonitoredData>

</MonitoredDataGroup>

<MonitoredDataGroup name = "Monitored Interface MW Flow" unit = "MW" type = "Interface">

<MonitoredData name = "INTO_WC">
<Value1>-10.9</Value1>
<Value2>7.1</Value2>
<Value3>8.2</Value3>
<Value4>12.4</Value4>
<Value5>8.2</Value5>
</MonitoredData>

</MonitoredDataGroup>

</MonitoredQuantities>

</Transfer>

</TransferFile>
